,NUM_CALLER_KEY,CELL_CALL_CODE,TIME_CALL,FESTIVE
0,14615362915496210,160,2017-02-12 11:30:14,0
1,14615396446378240,281,2017-02-02 16:20:23,0
2,14615341249566000,10,2017-02-10 01:29:15,0
3,14615336477051000,221,2017-01-09 03:19:19,0
4,14615241447289490,336,2017-02-05 11:11:51,0
5,14615442335644470,20,2017-01-19 14:50:26,0
6,14615362915496210,324,2017-01-07 09:55:05,0
7,14615339806425970,15,2017-01-29 11:46:15,0
8,14615342747560270,173,2017-01-26 06:31:38,0
9,14617008108978690,246,2017-01-12 06:15:15,0
10,14615388134447370,20,2017-01-04 19:12:35,0
11,14615342747560270,13,2017-01-27 04:50:50,0
12,14615362915496210,13,2017-01-01 02:22:39,0
13,14615341249566000,221,2017-01-09 21:03:33,0
14,14615228723636630,64,2017-02-06 16:22:05,0
15,1511450097286867,15,2017-02-10 19:05:34,0
16,14615342747560270,169,2017-01-30 07:34:18,0
17,14615209638088820,192,2017-01-12 22:36:08,0
18,1511351423050227,231,2017-02-10 06:05:15,0
19,14615223521819060,15,2017-01-28 02:51:04,0
20,14615342747560270,246,2017-01-13 21:40:04,0
21,14615228723636630,173,2017-01-15 18:30:43,0
22,14615362915496210,268,2017-02-03 07:31:30,0
23,14615223521819060,12,2017-01-06 17:58:00,0
24,14615330681559970,249,2017-01-13 03:54:11,0
25,14615166004947990,350,2017-02-03 23:58:59,0
26,14615350776332570,333,2017-02-10 02:59:31,0
27,14615362915496210,8,2017-01-02 09:28:21,0
28,14615443737727180,9,2017-02-04 21:59:48,0
29,14615347908274840,239,2017-02-10 02:54:39,0
30,14615342747560270,162,2017-01-17 01:43:51,0
31,14615362915496210,105,2017-02-12 22:16:18,0
32,14615238277805200,173,2017-01-04 20:53:06,0
33,14615362915496210,12,2017-02-07 04:28:11,0
34,14615362915496210,204,2017-01-09 03:56:07,0
35,14615362915496210,10,2017-01-30 17:15:52,0
36,14615241447289490,150,2017-01-27 00:23:14,0
37,14615342747560270,53,2017-02-01 12:03:16,0
38,14615342747560270,280,2017-02-05 15:50:50,0
39,14615342747560270,255,2017-02-08 21:33:26,0
40,14615366820272070,160,2017-01-31 11:04:08,0
41,14615342747560270,169,2017-02-01 11:24:00,0
42,14615362915496210,174,2017-02-03 07:28:18,0
43,14615443737727180,308,2017-01-07 21:28:43,0
44,14615395354901770,76,2017-01-06 00:28:04,0
45,14615396446378240,20,2017-01-10 06:49:42,0
46,14615342747560270,233,2017-01-27 18:17:58,0
47,14615342747560270,350,2017-01-22 08:18:05,0
48,14615362915496210,257,2017-02-12 01:23:03,0
49,1511450097286867,20,2017-02-10 18:20:40,0
50,14615336477051000,32,2017-01-02 04:06:15,0
51,14615224339316630,222,2017-02-11 21:49:45,0
52,14615342747560270,15,2017-01-18 21:30:24,0
53,14615396446378240,170,2017-01-13 15:32:50,0
54,14615366820272070,169,2017-02-12 14:43:00,0
55,14615336477051000,257,2017-02-11 20:48:23,0
56,14615342747560270,157,2017-02-11 06:06:36,0
57,1511450097286867,157,2017-01-17 02:29:15,0
58,14615341249566000,18,2017-01-12 10:30:42,0
59,14615362915496210,21,2017-01-01 10:25:44,0
60,14615238277805200,345,2017-01-30 01:17:15,0
61,14615166004947990,311,2017-02-02 06:25:58,0
62,14615342747560270,15,2017-01-01 03:55:10,0
63,14615362915496210,18,2017-01-06 07:08:17,0
64,1511450097286867,161,2017-01-09 02:37:06,0
65,14615363285427770,175,2017-02-09 09:50:29,0
66,14615342747560270,30,2017-02-12 21:29:22,0
67,14615443459135610,229,2017-02-04 20:25:05,0
68,14617010392501520,233,2017-01-19 14:44:49,0
69,14615228723636630,351,2017-01-04 21:14:19,0
70,14615228723636630,179,2017-01-01 03:13:49,0
71,14615395354901770,328,2017-01-21 13:39:29,0
72,14615342747560270,291,2017-01-11 18:01:04,0
73,14615362915496210,282,2017-01-12 16:39:01,0
74,14615362915496210,15,2017-02-12 22:29:58,0
75,14615215913165090,155,2017-01-17 21:27:40,0
76,14615166004947990,314,2017-02-07 01:41:29,0
77,14615366820272070,96,2017-01-01 06:45:20,0
78,14615362915496210,143,2017-02-03 09:07:14,0
79,14615342747560270,170,2017-02-01 17:46:25,0
80,1511351423050227,308,2017-02-08 09:27:24,0
81,14615362915496210,290,2017-01-27 19:33:13,0
82,14615396446378240,328,2017-01-21 06:31:31,0
83,1511450097286867,155,2017-02-03 09:04:46,0
84,14615341249566000,270,2017-02-02 10:04:01,0
85,14615342747560270,137,2017-01-29 16:31:44,0
86,14615396446378240,18,2017-01-05 06:42:27,0
87,14615362915496210,354,2017-01-08 11:03:00,0
88,14615362915496210,356,2017-02-12 01:27:14,0
89,14615342747560270,157,2017-01-01 06:03:25,0
90,14615342747560270,306,2017-01-01 04:24:12,0
91,14615342747560270,108,2017-02-12 21:22:31,0
92,14615228723636630,169,2017-01-30 06:25:41,0
93,14617010392501520,32,2017-02-06 08:09:44,0
94,14615340116986540,18,2017-01-19 17:31:47,0
95,14615330681559970,14,2017-02-12 14:11:08,0
96,14615341249566000,157,2017-01-22 08:42:50,0
97,14615362915496210,20,2017-01-19 03:37:29,0
98,1511450097286867,347,2017-01-02 19:41:23,0
99,14615341249566000,55,2017-02-05 18:42:14,0
100,14615362915496210,245,2017-02-09 10:44:57,0
101,14615362915496210,169,2017-01-30 00:16:07,0
102,14615362915496210,70,2017-01-12 06:45:49,0
103,1511351423050227,175,2017-02-06 18:42:16,0
104,14615362915496210,92,2017-01-29 17:23:58,0
105,14615342747560270,282,2017-02-10 16:30:23,0
106,14615224339316630,219,2017-02-04 05:19:58,0
107,14616947523101890,291,2017-01-20 09:40:59,0
108,14615169567198860,191,2017-01-29 07:50:36,0
109,14615362915496210,209,2017-01-11 11:24:30,0
110,14615336477051000,231,2017-01-13 05:18:54,0
111,14617008108978690,169,2017-02-12 14:06:13,0
112,14615388134447370,17,2017-01-08 01:44:45,0
113,14615342747560270,257,2017-02-12 11:51:48,0
114,1511450097286867,337,2017-01-25 11:31:44,0
115,14615336477051000,350,2017-02-02 00:15:30,0
116,14615224339316630,18,2017-02-09 10:50:44,0
117,14615362915496210,155,2017-01-25 10:12:34,0
118,14615342747560270,33,2017-02-05 18:14:18,0
119,14615341249566000,160,2017-01-25 01:22:54,0
120,14615362915496210,18,2017-02-11 08:40:48,0
121,14615363285427770,128,2017-01-19 01:54:43,0
122,14615342747560270,219,2017-02-12 10:22:35,0
123,14616935434220920,19,2017-01-03 00:23:16,0
124,14615330681559970,185,2017-02-06 07:14:31,0
125,1511450097286867,20,2017-01-03 06:09:28,0
126,14615442335644470,341,2017-01-04 06:37:29,0
127,14615238277805200,157,2017-02-12 12:38:31,0
128,14615362915496210,257,2017-02-09 11:15:26,0
129,14615166004947990,222,2017-02-03 07:01:38,0
130,14615342747560270,219,2017-02-09 10:25:34,0
131,14615362915496210,291,2017-02-12 22:37:12,0
132,14615166004947990,64,2017-01-26 22:19:01,0
133,14615362915496210,169,2017-01-06 02:19:54,0
134,14615224339316630,5,2017-02-12 11:59:22,0
135,14615342747560270,253,2017-01-14 10:04:40,0
136,14615238277805200,211,2017-02-07 12:56:19,0
137,14615362915496210,229,2017-01-28 17:13:03,0
138,1511450097286867,15,2017-02-12 22:08:15,0
139,14615342747560270,73,2017-02-05 13:02:39,0
140,14615215913165090,149,2017-02-08 12:22:15,0
141,14615363285427770,157,2017-01-08 01:29:08,0
142,1511450097286867,192,2017-01-16 05:56:32,0
143,14615362915496210,257,2017-01-24 05:27:42,0
144,14615169567198860,223,2017-01-02 15:56:10,0
145,14615362915496210,170,2017-01-17 14:08:30,0
146,14615342747560270,251,2017-02-04 06:40:22,0
147,14615362915496210,173,2017-02-05 21:14:05,0
148,14615230806211460,20,2017-01-24 16:02:50,0
149,14615362915496210,219,2017-01-01 15:47:16,0
150,14615342747560270,222,2017-01-22 23:49:36,0
151,14615363285427770,15,2017-01-22 09:15:30,0
152,14615342747560270,233,2017-01-09 07:05:03,0
153,14615223521819060,290,2017-01-26 02:20:13,0
154,14617008108978690,18,2017-01-04 09:40:48,0
155,14615362915496210,169,2017-02-05 04:30:35,0
156,14615389847090640,308,2017-01-31 06:51:14,0
157,1511450097286867,320,2017-01-25 22:18:12,0
158,14615169567198860,218,2017-02-10 02:28:26,0
159,14615362915496210,219,2017-01-29 16:49:40,0
160,14615396446378240,155,2017-02-11 22:37:30,0
161,14615224339316630,160,2017-02-12 11:42:20,0
162,14616947669245890,249,2017-02-11 18:15:26,0
163,14615336477051000,290,2017-01-01 11:45:25,0
164,14615342747560270,366,2017-02-01 05:06:36,0
165,14615362915496210,173,2017-01-01 13:38:39,0
166,14615396446378240,18,2017-02-06 04:26:09,0
167,14615342747560270,137,2017-01-03 15:54:46,0
168,14615166004947990,175,2017-02-08 14:11:27,0
169,1511450097286867,219,2017-01-18 14:34:38,0
170,14615342747560270,229,2017-02-06 00:02:20,0
171,14615342747560270,332,2017-01-01 02:23:41,0
172,14615363285427770,9,2017-01-11 16:06:07,0
173,14615362915496210,52,2017-02-12 22:36:53,0
174,14615362915496210,268,2017-01-25 07:23:32,0
175,14615342747560270,291,2017-02-11 11:00:59,0
176,14615342747560270,15,2017-02-11 17:05:32,0
177,14615342747560270,114,2017-01-04 16:01:27,0
178,14615342747560270,192,2017-01-22 22:46:13,0
179,1511450097286867,12,2017-01-07 15:02:47,0
180,1511450097286867,76,2017-02-10 02:37:48,0
181,14615341249566000,350,2017-01-19 19:52:01,0
182,14615362915496210,306,2017-02-04 15:41:58,0
183,14617010392501520,18,2017-02-06 02:51:28,0
184,14615362915496210,128,2017-01-21 16:06:14,0
185,14615342747560270,324,2017-01-03 09:02:01,0
186,14615209638088820,251,2017-01-04 03:52:01,0
187,14615330681559970,16,2017-02-08 11:16:16,0
188,14615362915496210,233,2017-01-10 12:34:43,0
189,14615362915496210,183,2017-01-30 13:59:31,0
190,14615395354901770,186,2017-02-04 20:37:55,0
191,14615339806425970,92,2017-02-12 13:53:48,0
192,14615362915496210,173,2017-02-02 13:19:58,0
193,14616947523101890,324,2017-02-12 22:34:24,0
194,14615363285427770,306,2017-02-02 16:23:41,0
195,14615379091787370,233,2017-01-26 11:41:24,0
196,1511450097286867,173,2017-01-26 12:07:46,0
197,14615407585359740,290,2017-01-03 18:22:39,0
198,14615362915496210,219,2017-02-09 13:02:17,0
199,14615362915496210,222,2017-01-10 04:50:33,0
200,1511450097286867,175,2017-02-10 22:57:26,0
201,14615424428442040,245,2017-01-03 13:54:13,0
202,14615166004947990,10,2017-01-17 08:50:54,0
203,14615169567198860,155,2017-01-19 14:34:57,0
204,14615342747560270,252,2017-02-11 17:23:17,0
205,14615342747560270,12,2017-01-02 11:57:35,0
206,14615330681559970,249,2017-01-02 08:17:24,0
207,14615341249566000,260,2017-02-08 23:33:07,0
208,1511450097286867,272,2017-01-13 01:54:26,0
209,14615362915496210,15,2017-01-02 12:48:49,0
210,1511450097286867,155,2017-01-09 20:48:09,0
211,14615362915496210,160,2017-01-13 10:05:04,0
212,14617010392501520,155,2017-02-10 21:06:44,0
213,14615363285427770,141,2017-01-30 01:43:56,0
214,1511450097286867,254,2017-02-11 21:03:35,0
215,14615224339316630,111,2017-02-11 03:37:06,0
216,14615224339316630,114,2017-01-01 19:43:17,0
217,14615362915496210,169,2017-02-11 13:39:03,0
218,14615169567198860,349,2017-01-14 20:52:29,0
219,14615362915496210,17,2017-01-31 03:09:13,0
220,14615363285427770,229,2017-02-09 07:35:13,0
221,14615362915496210,41,2017-01-05 13:41:45,0
222,14615342747560270,16,2017-01-05 21:04:34,0
223,14615228723636630,101,2017-01-07 14:16:13,0
224,1511450097286867,70,2017-01-01 04:57:00,0
225,14615166004947990,295,2017-02-06 23:51:08,0
226,14615362915496210,160,2017-01-30 04:23:56,0
227,14615362915496210,15,2017-02-12 22:33:13,0
228,14615362915496210,231,2017-01-22 23:33:10,0
229,14615169567198860,169,2017-01-04 16:40:30,0
230,14615169567198860,15,2017-01-01 00:38:59,0
231,14615367719980210,34,2017-01-20 05:48:15,0
232,14615363285427770,20,2017-01-10 19:30:14,0
233,14615342747560270,247,2017-02-11 10:54:11,0
234,1511450097286867,70,2017-01-09 18:30:21,0
235,14615362915496210,15,2017-01-03 12:22:37,0
236,14615228723636630,18,2017-02-08 15:19:50,0
237,14615362915496210,26,2017-02-10 22:41:44,0
238,14615362915496210,155,2017-02-12 06:43:26,0
239,14615350739796570,276,2017-02-12 22:26:01,0
240,14615396446378240,31,2017-01-04 17:29:45,0
241,14615342747560270,169,2017-01-24 21:04:21,0
242,14615342747560270,160,2017-01-11 23:46:56,0
243,1511450097286867,128,2017-02-06 03:56:05,0
244,14615442335644470,72,2017-01-02 14:33:58,0
245,14615362915496210,37,2017-02-09 08:11:45,0
246,14615362915496210,351,2017-01-15 22:24:57,0
247,14616935434220920,229,2017-01-04 13:19:54,0
248,14615442335644470,291,2017-02-12 10:09:59,0
249,14615342747560270,218,2017-02-04 06:10:21,0
250,14615342747560270,15,2017-01-29 22:18:34,0
251,14615341249566000,157,2017-02-04 20:42:42,0
252,1511450097286867,160,2017-01-04 16:46:56,0
253,14615224339316630,253,2017-01-28 10:46:37,0
254,1511461610794341,219,2017-02-06 15:16:51,0
255,14615341249566000,42,2017-02-07 03:58:00,0
256,14615224339316630,15,2017-01-02 15:01:28,0
257,14615366820272070,20,2017-02-09 08:53:07,0
258,14615342747560270,219,2017-02-08 20:27:35,0
259,14615332289116570,169,2017-01-07 04:54:59,0
260,14617010392501520,264,2017-01-30 07:08:50,0
261,14615362915496210,169,2017-01-19 04:30:35,0
262,14615362915496210,246,2017-01-02 10:16:41,0
263,14615366820272070,4,2017-01-02 12:53:58,0
264,14615362915496210,254,2017-01-01 03:43:52,0
265,14615224339316630,173,2017-02-01 11:11:31,0
266,14615362915496210,247,2017-01-28 05:43:30,0
267,14615342747560270,32,2017-02-12 06:04:05,0
268,14615426104544740,173,2017-01-01 21:43:48,0
269,14615389847090640,1,2017-01-23 07:38:15,0
270,14615362915496210,266,2017-01-30 23:05:42,0
271,14615342747560270,4,2017-02-01 06:52:48,0
272,14615363285427770,70,2017-02-07 14:10:48,0
273,14615362915496210,18,2017-01-27 04:24:42,0
274,14615342747560270,18,2017-02-08 00:57:06,0
275,14615228723636630,92,2017-01-14 11:24:36,0
276,14615395354901770,18,2017-02-11 03:57:17,0
277,14615166004947990,3,2017-01-02 00:08:12,0
278,14615342747560270,155,2017-02-02 02:54:02,0
279,14615388134447370,219,2017-01-09 09:39:13,0
280,14615209638088820,175,2017-01-01 01:39:52,0
281,14615341249566000,23,2017-01-31 18:55:38,0
282,14615362915496210,15,2017-02-11 08:56:03,0
283,14615362915496210,351,2017-02-06 23:15:40,0
284,14615228723636630,246,2017-01-15 06:02:19,0
285,1511450097286867,15,2017-02-10 06:34:39,0
286,14615209638088820,18,2017-02-11 03:38:48,0
287,14615350776332570,219,2017-01-06 18:31:44,0
288,14615228723636630,320,2017-01-05 17:58:14,0
289,14615368752090240,15,2017-02-07 12:30:28,0
290,14615341249566000,257,2017-02-01 15:04:43,0
291,14615341249566000,212,2017-02-11 11:41:17,0
292,14615336477051000,297,2017-01-02 02:48:53,0
293,1511450097286867,102,2017-01-02 22:01:43,0
294,14615342747560270,290,2017-01-01 04:21:44,0
295,14617008108978690,15,2017-02-06 19:42:38,0
296,14615395354901770,31,2017-01-06 02:46:42,0
297,1511351423050227,251,2017-01-29 20:24:58,0
298,1511450097286867,15,2017-01-03 13:26:56,0
299,14616935434220920,242,2017-01-04 19:30:18,0
300,14615166004947990,12,2017-02-12 10:13:58,0
301,14615396446378240,50,2017-01-03 09:41:43,0
302,14615209638088820,284,2017-02-08 01:24:24,0
303,14615342747560270,217,2017-02-06 07:49:42,0
304,14615362915496210,322,2017-02-05 02:08:05,0
305,14615238277805200,114,2017-02-10 19:18:53,0
306,14615169567198860,15,2017-01-04 16:57:05,0
307,14615194667453690,15,2017-01-16 16:50:46,0
308,14615388134447370,138,2017-02-05 02:15:41,0
309,14615362915496210,169,2017-01-09 03:59:53,0
310,14615342747560270,17,2017-02-08 08:14:08,0
311,14615362915496210,141,2017-01-01 03:51:26,0
312,14615389847090640,272,2017-01-02 20:36:27,0
313,14615336477051000,344,2017-02-12 11:59:11,0
314,14615362915496210,92,2017-02-11 16:34:10,0
315,14616947523101890,18,2017-01-27 11:49:19,0
316,14615362915496210,152,2017-02-12 15:52:38,0
317,14615363285427770,157,2017-02-09 03:03:48,0
318,14615362915496210,240,2017-02-10 05:55:58,0
319,14615238277805200,246,2017-01-02 07:36:43,0
320,14616947523101890,160,2017-02-11 11:13:02,0
321,14615395354901770,206,2017-01-11 12:34:52,0
322,14615389847090640,265,2017-01-29 10:48:56,0
323,14615362915496210,18,2017-01-06 05:52:55,0
324,1511461610794341,70,2017-01-08 22:01:15,0
325,1511450097286867,16,2017-01-13 05:49:38,0
326,14615336477051000,169,2017-02-08 12:50:59,0
327,14615330681559970,72,2017-01-09 23:37:20,0
328,14615338358673270,20,2017-01-01 02:06:05,0
329,14615366820272070,125,2017-02-10 15:53:06,0
330,14615342747560270,291,2017-01-29 02:20:17,0
331,14615342747560270,306,2017-02-12 22:20:25,0
332,1511450097286867,233,2017-02-09 05:30:43,0
333,14615362915496210,219,2017-01-25 04:35:35,0
334,14615230806211460,189,2017-02-07 04:53:55,0
335,14615341249566000,351,2017-01-06 06:23:18,0
336,14615342747560270,155,2017-01-28 07:09:57,0
337,14615388641388940,169,2017-01-19 03:19:57,0
338,14615362915496210,72,2017-02-07 07:35:21,0
339,14615337422429130,112,2017-01-01 16:56:00,0
340,14615362915496210,155,2017-02-12 00:49:29,0
341,14615362915496210,155,2017-02-07 17:32:58,0
342,14615388134447370,169,2017-02-01 07:34:40,0
343,14615336477051000,15,2017-01-31 16:02:41,0
344,14615342747560270,16,2017-02-12 09:41:38,0
345,14615342747560270,328,2017-02-03 06:24:27,0
346,14615342747560270,18,2017-01-28 03:25:07,0
347,14615396446378240,18,2017-02-10 09:58:59,0
348,1511450097286867,175,2017-01-16 08:19:47,0
349,14615342747560270,212,2017-01-24 09:38:56,0
350,14615224339316630,163,2017-01-07 09:37:58,0
351,14615342747560270,18,2017-02-01 10:36:09,0
352,14615362915496210,192,2017-02-07 13:19:31,0
353,1511450097286867,231,2017-01-01 08:35:49,0
354,14615342747560270,18,2017-02-11 18:20:15,0
355,14615362915496210,324,2017-02-07 16:33:16,0
356,14615362915496210,229,2017-01-04 22:49:39,0
357,14615224339316630,15,2017-02-06 02:20:04,0
358,14615388134447370,92,2017-01-02 01:39:15,0
359,14615350776332570,173,2017-02-09 20:48:34,0
360,14615337422429130,325,2017-01-05 03:11:52,0
361,14615228723636630,58,2017-02-01 16:44:52,0
362,14615228723636630,8,2017-01-12 21:01:18,0
363,1511450097286867,175,2017-01-28 18:30:57,0
364,14615362915496210,81,2017-01-21 20:00:56,0
365,14615342747560270,333,2017-01-08 12:50:57,0
366,14615396446378240,209,2017-01-17 20:13:03,0
367,14615362915496210,155,2017-02-11 02:12:53,0
368,14615443459135610,12,2017-01-01 09:46:45,0
369,14615238277805200,10,2017-02-03 04:07:24,0
370,14615362915496210,155,2017-01-26 18:33:04,0
371,1511450097286867,253,2017-01-08 00:45:07,0
372,14615342747560270,274,2017-01-17 14:40:08,0
373,14615362915496210,257,2017-01-14 04:50:15,0
374,1511450097286867,272,2017-01-04 19:50:41,0
375,1511351423050227,169,2017-01-01 00:58:51,0
376,14615330681559970,65,2017-01-06 03:23:18,0
377,14615336477051000,247,2017-01-02 06:38:35,0
378,14615230806211460,61,2017-02-12 21:43:27,0
379,14615238277805200,254,2017-01-16 02:04:05,0
380,14615368752090240,358,2017-01-09 17:52:07,0
381,14615342747560270,11,2017-02-11 15:06:58,0
382,14615342747560270,173,2017-02-03 10:36:55,0
383,14615342747560270,144,2017-02-10 17:47:17,0
384,1511541336849403,149,2017-02-12 22:33:31,0
385,14615363285427770,169,2017-01-25 06:40:29,0
386,14615342747560270,247,2017-02-12 21:18:17,0
387,1511450097286867,358,2017-02-10 05:44:13,0
388,14615341249566000,229,2017-01-17 08:32:56,0
389,14615396446378240,290,2017-01-07 18:13:44,0
390,14615362915496210,249,2017-02-05 11:25:13,0
391,14615342747560270,9,2017-02-03 02:06:33,0
392,14615362915496210,215,2017-02-07 00:18:18,0
393,14615338358673270,9,2017-01-09 23:20:31,0
394,14615342747560270,175,2017-02-07 08:31:02,0
395,14615388134447370,297,2017-01-25 22:10:46,0
396,14615224339316630,173,2017-01-01 15:26:40,0
397,1511450097286867,155,2017-02-11 13:07:55,0
398,14615215913165090,67,2017-02-07 09:14:36,0
399,14615424428442040,177,2017-01-30 03:40:09,0
400,14615228723636630,357,2017-01-01 06:28:41,0
401,14615363285427770,157,2017-01-29 00:01:59,0
402,14615426104544740,18,2017-02-09 21:55:13,0
403,14615342747560270,18,2017-01-17 14:52:36,0
404,14615342747560270,20,2017-01-19 12:19:04,0
405,14615362915496210,150,2017-02-12 03:26:28,0
406,14615215913165090,175,2017-01-16 17:04:44,0
407,14615330681559970,231,2017-02-10 08:06:50,0
408,1511450097286867,366,2017-02-08 17:26:21,0
409,14615396446378240,31,2017-02-12 22:37:55,0
410,1511450097286867,358,2017-02-07 03:46:53,0
411,14615396446378240,203,2017-01-11 21:20:37,0
412,14615209638088820,253,2017-02-07 23:12:55,0
413,14615215913165090,75,2017-02-11 06:53:13,0
414,14617010392501520,155,2017-01-13 13:59:32,0
415,14615362915496210,249,2017-01-01 01:25:03,0
416,14615363285427770,24,2017-01-26 11:32:19,0
417,1511351423050227,18,2017-01-01 01:45:05,0
418,14615362915496210,155,2017-02-11 04:24:09,0
419,14615342747560270,324,2017-01-04 15:42:56,0
420,14615230806211460,18,2017-02-11 11:11:11,0
421,14615228723636630,18,2017-02-12 04:40:48,0
422,14615230806211460,152,2017-01-02 04:41:10,0
423,14615342747560270,160,2017-01-30 00:37:54,0
424,14615342747560270,18,2017-02-02 10:33:11,0
425,14615362915496210,155,2017-02-03 19:52:16,0
426,14615424428442040,282,2017-01-18 03:42:03,0
427,14615414061338340,15,2017-02-09 07:02:46,0
428,14617010392501520,31,2017-02-12 22:32:42,0
429,14615224339316630,210,2017-01-26 00:14:23,0
430,14615342747560270,233,2017-01-18 01:41:34,0
431,1511450097286867,57,2017-02-11 03:31:43,0
432,14615362915496210,219,2017-01-30 08:56:08,0
433,14615396446378240,249,2017-01-29 19:30:00,0
434,14615362915496210,306,2017-01-12 05:14:01,0
435,14615330681559970,219,2017-01-09 07:35:25,0
436,14617008108978690,169,2017-01-30 21:21:30,0
437,14615366820272070,209,2017-01-25 03:08:49,0
438,14615341249566000,59,2017-01-30 18:47:15,0
439,14615363285427770,20,2017-02-03 14:26:59,0
440,14615345629319000,277,2017-01-26 03:25:58,0
441,14615342747560270,209,2017-01-19 09:31:11,0
442,14615238277805200,161,2017-02-10 10:53:38,0
443,14615362915496210,86,2017-02-06 20:43:48,0
444,1511461610794341,55,2017-01-23 22:35:41,0
445,14615363285427770,15,2017-01-01 16:02:57,0
446,14615350520580570,230,2017-02-11 14:29:43,0
447,14615238277805200,189,2017-01-23 03:15:40,0
448,14615342747560270,231,2017-02-01 09:08:49,0
449,14615366820272070,157,2017-02-04 15:15:14,0
450,14615340116986540,175,2017-01-30 06:14:01,0
451,14615342747560270,190,2017-02-10 14:21:38,0
452,1511450097286867,253,2017-02-10 20:48:09,0
453,14615230806211460,130,2017-02-03 11:33:48,0
454,14615228723636630,16,2017-01-21 06:22:49,0
455,14615362915496210,117,2017-02-08 14:33:08,0
456,14615224339316630,12,2017-01-20 16:38:02,0
457,1511450097286867,169,2017-02-10 03:25:53,0
458,14615362915496210,175,2017-02-03 19:15:31,0
459,1511450097286867,48,2017-01-01 07:29:54,0
460,14615230806211460,323,2017-02-10 03:01:14,0
461,14615368752090240,155,2017-02-08 08:28:21,0
462,14615362915496210,280,2017-01-01 01:43:09,0
463,14615228723636630,18,2017-01-01 20:36:23,0
464,14615389847090640,253,2017-01-10 15:39:37,0
465,14615363285427770,229,2017-01-24 19:47:01,0
466,14615223521819060,84,2017-01-26 11:58:52,0
467,14615342747560270,18,2017-01-30 07:06:03,0
468,14615341249566000,10,2017-02-12 00:09:19,0
469,14615396446378240,286,2017-02-10 17:05:21,0
470,14615184263859660,219,2017-02-04 09:20:47,0
471,14615166004947990,162,2017-02-05 15:07:09,0
472,14615366820272070,291,2017-01-19 03:31:41,0
473,14616951204094750,6,2017-01-19 05:47:30,0
474,1511450097286867,155,2017-01-17 08:51:32,0
475,14615340116986540,290,2017-02-07 03:39:15,0
476,14615342747560270,169,2017-02-12 20:20:52,0
477,14615362915496210,9,2017-02-03 08:32:33,0
478,14615362915496210,155,2017-01-01 04:26:36,0
479,14615238277805200,18,2017-01-05 02:16:00,0
480,14615332289116570,169,2017-02-11 03:18:05,0
481,14615166004947990,173,2017-01-07 22:23:10,0
482,14615414061338340,318,2017-02-02 14:32:41,0
483,14615342747560270,155,2017-01-02 12:15:47,0
484,1511450097286867,196,2017-01-01 03:17:17,0
485,14615362915496210,247,2017-01-01 04:05:20,0
486,14615442335644470,83,2017-02-12 20:10:01,0
487,14615389847090640,173,2017-01-01 14:08:02,0
488,14615342747560270,25,2017-01-05 18:57:07,0
489,14615340116986540,18,2017-02-01 05:25:02,0
490,14615342747560270,233,2017-02-01 15:23:25,0
491,14615339806425970,231,2017-02-10 17:28:13,0
492,14615362915496210,155,2017-01-19 09:13:21,0
493,14615389847090640,170,2017-01-21 14:26:34,0
494,14615228723636630,175,2017-01-06 17:00:47,0
495,14617010392501520,169,2017-02-02 15:57:07,0
496,1511450097286867,15,2017-02-06 05:13:29,0
497,1511450097286867,219,2017-01-09 00:15:33,0
498,14615362915496210,213,2017-02-08 11:02:18,0
499,14615350474910570,311,2017-02-08 04:24:05,0
500,14615228723636630,354,2017-01-05 01:33:37,0
501,14615342747560270,163,2017-02-09 08:32:50,0
502,14615363285427770,20,2017-01-04 03:47:58,0
503,14615342747560270,187,2017-02-11 13:57:13,0
504,14615230806211460,169,2017-01-29 01:55:30,0
505,14615169567198860,170,2017-02-11 04:21:11,0
506,14615241447289490,12,2017-01-03 21:13:04,0
507,14615342747560270,15,2017-01-31 21:53:51,0
508,14615342747560270,175,2017-01-04 15:39:07,0
509,14615342747560270,291,2017-02-01 02:08:39,0
510,14615362915496210,148,2017-02-11 17:14:52,0
511,14615341249566000,103,2017-01-31 06:37:47,0
512,14615342747560270,219,2017-01-14 05:04:15,0
513,1511450097286867,280,2017-01-01 04:10:46,0
514,14615230806211460,16,2017-01-08 19:53:55,0
515,14615350776332570,138,2017-01-09 23:17:16,0
516,14615215913165090,32,2017-01-09 04:37:54,0
517,14615341249566000,233,2017-02-03 23:59:19,0
518,14615366820272070,11,2017-01-11 14:04:41,0
519,14615230806211460,18,2017-01-28 00:30:16,0
520,14615363285427770,219,2017-01-01 14:45:45,0
521,14615342747560270,343,2017-01-05 05:27:09,0
522,14615363285427770,77,2017-01-05 09:29:20,0
523,14615396446378240,219,2017-01-01 05:58:41,0
524,14615342747560270,184,2017-01-02 19:10:52,0
525,14615342747560270,6,2017-01-30 05:09:57,0
526,14615342747560270,18,2017-01-11 03:47:36,0
527,14615424428442040,70,2017-01-03 10:27:47,0
528,14615362915496210,173,2017-01-31 07:06:12,0
529,14615362915496210,354,2017-01-10 16:14:23,0
530,1511450097286867,249,2017-02-12 22:28:39,0
531,14615342747560270,219,2017-01-03 10:23:14,0
532,14615338358673270,114,2017-01-01 19:56:47,0
533,14615362915496210,76,2017-01-02 19:18:55,0
534,14615228723636630,15,2017-01-08 22:40:07,0
535,14615362915496210,151,2017-01-02 00:07:17,0
536,14615362915496210,204,2017-01-01 11:03:02,0
537,14615362915496210,350,2017-01-27 11:31:53,0
538,14616947523101890,15,2017-01-11 12:58:11,0
539,14615362915496210,18,2017-02-08 08:57:59,0
540,1511450097286867,334,2017-01-18 12:23:37,0
541,14615342747560270,157,2017-02-08 04:24:19,0
542,14615341249566000,219,2017-01-02 23:31:04,0
543,14615342747560270,351,2017-01-19 04:14:49,0
544,14615395354901770,155,2017-02-11 08:48:36,0
545,14615169567198860,352,2017-01-17 19:40:22,0
546,14615363285427770,138,2017-01-30 06:24:15,0
547,14615389847090640,223,2017-01-10 11:15:14,0
548,14615363285427770,290,2017-01-28 09:20:30,0
549,14615224339316630,247,2017-02-07 19:45:49,0
550,14615228723636630,200,2017-01-12 07:48:03,0
551,14615377050365770,306,2017-02-10 15:24:40,0
552,1511450097286867,15,2017-01-01 04:32:04,0
553,14615442335644470,199,2017-02-10 06:33:29,0
554,1511351423050227,170,2017-02-02 03:05:42,0
555,14615330681559970,169,2017-02-11 15:35:55,0
556,14615389847090640,11,2017-02-09 10:15:55,0
557,14615341249566000,169,2017-01-02 01:08:32,0
558,14615339806425970,156,2017-01-31 14:21:00,0
559,14615341249566000,31,2017-02-09 08:43:03,0
560,14615362915496210,351,2017-02-10 22:27:58,0
561,1511450097286867,164,2017-02-06 10:40:11,0
562,14615350776332570,351,2017-02-10 21:16:06,0
563,14615363285427770,18,2017-01-13 01:25:12,0
564,14615362915496210,219,2017-02-12 05:21:06,0
565,14615362915496210,9,2017-02-12 13:09:04,0
566,14615342747560270,175,2017-01-23 08:16:51,0
567,14615362915496210,18,2017-01-16 23:09:42,0
568,14615166004947990,31,2017-01-01 04:03:43,0
569,14615215913165090,70,2017-02-11 18:30:44,0
570,14615342747560270,254,2017-01-01 05:03:43,0
571,14615396446378240,160,2017-01-27 23:18:55,0
572,1511450097286867,175,2017-01-15 13:23:44,0
573,14615342747560270,12,2017-01-02 14:51:21,0
574,14615402173409940,104,2017-02-11 06:58:35,0
575,14615342747560270,340,2017-01-09 00:51:18,0
576,14615336477051000,114,2017-01-03 21:21:23,0
577,14615377050365770,95,2017-02-12 13:15:52,0
578,14615362915496210,350,2017-02-02 18:16:00,0
579,14615362915496210,293,2017-02-05 16:46:00,0
580,14615209638088820,183,2017-01-26 13:43:52,0
581,1511450097286867,284,2017-01-23 09:48:01,0
582,14615389847090640,172,2017-02-11 17:16:50,0
583,14615209638088820,163,2017-01-29 01:44:11,0
584,14615363285427770,297,2017-02-07 21:09:17,0
585,14615362915496210,219,2017-01-19 10:00:10,0
586,14615362915496210,64,2017-01-05 07:53:09,0
587,14615342747560270,219,2017-02-09 04:39:07,0
588,14615362915496210,15,2017-01-06 09:24:42,0
589,14615362915496210,15,2017-02-04 03:36:39,0
590,14615362915496210,15,2017-01-20 11:12:50,0
591,14616947523101890,18,2017-01-05 04:38:13,0
592,14616935434220920,169,2017-02-05 14:03:17,0
593,14615336477051000,155,2017-01-07 16:24:46,0
594,14615362915496210,318,2017-01-07 21:22:35,0
595,14615362915496210,308,2017-02-06 10:27:46,0
596,14615342747560270,219,2017-01-02 21:23:48,0
597,14615342747560270,175,2017-01-04 11:19:05,0
598,14615362915496210,173,2017-01-30 02:03:23,0
599,14615336865250570,155,2017-02-09 20:41:59,0
600,14615209638088820,254,2017-01-20 06:50:41,0
601,14615342747560270,150,2017-01-23 17:09:52,0
602,14615215913165090,219,2017-02-08 06:49:03,0
603,14615362915496210,196,2017-01-02 19:14:10,0
604,14615362915496210,32,2017-01-26 06:50:18,0
605,14615341249566000,220,2017-02-03 23:04:44,0
606,14617010392501520,138,2017-02-10 13:05:23,0
607,14615362915496210,257,2017-01-04 12:08:50,0
608,14615224339316630,311,2017-01-18 01:37:09,0
609,1511450097286867,10,2017-02-06 07:33:51,0
610,14615362915496210,75,2017-01-31 01:23:51,0
611,14615338358673270,229,2017-02-08 13:43:24,0
612,14615228723636630,20,2017-01-30 16:27:16,0
613,14615350739796570,137,2017-01-18 10:55:34,0
614,14615342747560270,173,2017-01-01 11:51:00,0
615,14615443737727180,273,2017-01-19 03:57:28,0
616,14615396446378240,9,2017-01-01 06:27:50,0
617,14617008108978690,261,2017-01-17 18:33:06,0
618,14615342747560270,253,2017-01-25 10:30:46,0
619,14615342747560270,18,2017-02-03 11:08:26,0
620,14615340116986540,229,2017-01-26 10:55:53,0
621,14615342747560270,48,2017-01-06 11:14:27,0
622,14615230806211460,17,2017-01-01 17:15:10,0
623,1511450097286867,15,2017-01-09 07:17:10,0
624,14615342747560270,246,2017-02-07 07:40:09,0
625,14615363285427770,161,2017-01-01 04:41:30,0
626,14617010392501520,233,2017-01-10 06:15:10,0
627,1511450097286867,203,2017-02-11 17:12:49,0
628,14615388134447370,149,2017-01-05 19:29:12,0
629,14616947523101890,219,2017-01-04 18:16:39,0
630,14615166004947990,12,2017-01-12 16:35:44,0
631,14615362915496210,268,2017-02-10 14:11:59,0
632,14615407288500180,247,2017-01-30 09:33:48,0
633,14615362915496210,18,2017-01-03 07:19:34,0
634,14615342747560270,51,2017-01-26 01:36:36,0
635,14615169567198860,351,2017-01-05 14:44:50,0
636,14615228723636630,219,2017-01-06 21:10:51,0
637,14615414061338340,35,2017-01-14 02:03:02,0
638,14615363285427770,117,2017-02-12 18:42:11,0
639,14615350739796570,130,2017-01-11 23:23:07,0
640,14615342747560270,155,2017-01-27 19:03:10,0
641,14615342747560270,96,2017-02-11 16:42:45,0
642,1511351423050227,351,2017-02-01 18:58:43,0
643,14615230806211460,18,2017-02-12 00:09:21,0
644,14615341249566000,336,2017-02-04 20:55:21,0
645,1511450097286867,233,2017-02-07 04:28:10,0
646,14615362915496210,358,2017-02-11 11:45:35,0
647,14615363285427770,183,2017-01-12 07:17:30,0
648,14615381681303770,260,2017-02-12 05:19:14,0
649,14615442335644470,336,2017-02-12 10:18:41,0
650,1511450097286867,18,2017-01-27 14:41:49,0
651,14615362915496210,219,2017-02-12 22:13:38,0
652,14615362915496210,137,2017-02-02 06:57:18,0
653,1511351423050227,18,2017-02-11 13:13:04,0
654,14615342747560270,168,2017-02-11 20:37:48,0
655,14615342747560270,291,2017-01-20 09:14:08,0
656,14615342747560270,351,2017-02-01 13:48:52,0
657,14615338358673270,31,2017-01-01 19:54:51,0
658,14615342747560270,188,2017-01-16 10:43:29,0
659,14615362915496210,231,2017-02-11 02:04:40,0
660,14615362915496210,92,2017-01-03 10:20:07,0
661,14615342747560270,358,2017-01-23 23:05:16,0
662,14615395354901770,179,2017-01-26 23:46:44,0
663,14615336477051000,31,2017-02-12 07:20:59,0
664,14615363285427770,246,2017-01-26 21:44:44,0
665,14615350776332570,175,2017-02-09 16:46:18,0
666,1511351423050227,108,2017-01-04 16:40:13,0
667,14615362915496210,233,2017-01-01 09:31:55,0
668,14615230806211460,169,2017-02-08 11:44:05,0
669,14615389847090640,148,2017-01-29 12:23:07,0
670,14615342747560270,15,2017-01-04 01:27:59,0
671,14615220009759520,291,2017-01-01 16:16:33,0
672,14615362915496210,351,2017-01-31 21:24:23,0
673,14615362915496210,68,2017-01-28 23:53:09,0
674,14615342747560270,96,2017-02-10 10:30:58,0
675,14615362915496210,233,2017-02-05 23:16:51,0
676,14615342747560270,285,2017-01-01 02:52:31,0
677,14615442335644470,126,2017-02-10 14:21:59,0
678,1511450097286867,20,2017-01-26 07:43:16,0
679,14615424428442040,311,2017-02-01 04:45:40,0
680,14615389847090640,109,2017-01-27 06:32:37,0
681,14615342747560270,2,2017-01-01 02:22:35,0
682,1511450097286867,124,2017-01-17 02:41:42,0
683,14615383750131940,138,2017-02-10 22:42:54,0
684,14615396446378240,18,2017-02-12 21:51:34,0
685,14615169567198860,219,2017-01-10 15:19:10,0
686,14615169567198860,332,2017-01-20 10:51:01,0
687,14615362915496210,18,2017-01-17 14:29:49,0
688,14617008108978690,19,2017-01-26 17:17:49,0
689,14615362915496210,337,2017-01-01 14:24:06,0
690,14615342747560270,272,2017-02-08 23:58:29,0
691,14615340116986540,200,2017-01-04 19:49:49,0
692,14615362915496210,158,2017-01-25 09:49:48,0
693,14617008108978690,214,2017-02-12 02:48:38,0
694,1511450097286867,173,2017-01-02 18:10:39,0
695,14615330681559970,15,2017-01-25 20:40:06,0
696,14615363285427770,20,2017-01-07 07:28:21,0
697,14615363285427770,169,2017-01-02 14:54:04,0
698,14615366820272070,231,2017-01-11 10:32:25,0
699,14615414061338340,213,2017-01-01 01:57:59,0
700,14615342747560270,350,2017-02-04 15:34:05,0
701,14615367719980210,15,2017-01-16 18:49:49,0
702,14617010392501520,170,2017-01-14 13:14:26,0
703,14615336477051000,291,2017-02-10 11:57:44,0
704,14615342747560270,366,2017-01-05 11:40:51,0
705,14615228723636630,141,2017-02-11 12:05:39,0
706,14615169567198860,173,2017-01-01 02:18:26,0
707,1511450097286867,310,2017-01-15 09:21:26,0
708,14615426104544740,175,2017-02-05 07:02:36,0
709,14615363285427770,229,2017-01-28 00:36:09,0
710,14615342747560270,18,2017-02-03 07:05:51,0
711,14615362915496210,12,2017-02-07 02:15:51,0
712,14615342747560270,155,2017-02-05 16:43:34,0
713,14615342747560270,15,2017-01-11 05:02:39,0
714,14615362915496210,61,2017-02-04 13:45:15,0
715,14615362915496210,347,2017-02-03 01:40:36,0
716,14615362915496210,169,2017-01-01 01:39:45,0
717,14615442335644470,12,2017-01-11 09:21:56,0
718,14615224339316630,15,2017-01-31 09:04:49,0
719,14615396446378240,290,2017-01-13 06:07:47,0
720,1511265983244300,24,2017-02-07 15:45:23,0
721,14615341249566000,15,2017-01-10 07:19:17,0
722,14615342747560270,357,2017-01-01 13:40:47,0
723,14616947523101890,231,2017-01-06 04:16:26,0
724,14615342747560270,20,2017-01-02 08:54:41,0
725,14615424428442040,21,2017-01-29 17:32:40,0
726,14615336477051000,9,2017-01-26 12:44:42,0
727,1511450097286867,351,2017-01-27 01:13:36,0
728,14615362915496210,192,2017-01-10 11:52:40,0
729,14615362915496210,138,2017-02-09 04:26:26,0
730,1511450097286867,332,2017-02-11 09:08:39,0
731,14615426104544740,12,2017-01-03 19:02:40,0
732,14615338358673270,254,2017-01-16 00:35:04,0
733,14615224339316630,135,2017-01-15 12:19:10,0
734,14615362915496210,8,2017-02-07 10:22:46,0
735,14615342747560270,108,2017-02-07 18:50:05,0
736,14615342747560270,359,2017-01-02 03:31:40,0
737,14615224339316630,290,2017-01-16 13:11:18,0
738,1511450097286867,18,2017-02-09 21:08:14,0
739,14615362915496210,259,2017-02-09 21:40:10,0
740,14615424428442040,249,2017-01-27 16:04:01,0
741,14615342747560270,173,2017-01-06 09:23:34,0
742,14615228723636630,28,2017-01-26 06:07:55,0
743,14615166004947990,336,2017-01-01 23:07:46,0
744,14615215913165090,15,2017-02-11 18:22:04,0
745,14615443737727180,219,2017-01-26 13:53:08,0
746,14615414061338340,11,2017-01-05 07:59:27,0
747,14615342747560270,32,2017-02-12 03:50:36,0
748,14615342747560270,13,2017-02-12 06:22:19,0
749,14615388586584940,6,2017-01-03 11:03:01,0
750,14615342747560270,103,2017-01-26 21:32:30,0
751,14615362915496210,191,2017-02-11 18:26:58,0
752,14615230806211460,350,2017-01-20 20:41:04,0
753,14615336477051000,282,2017-02-09 15:21:12,0
754,14617010392501520,15,2017-01-30 05:33:27,0
755,14615342747560270,233,2017-01-20 18:47:53,0
756,14615342747560270,160,2017-01-02 03:36:36,0
757,14615362915496210,15,2017-01-04 11:11:57,0
758,14615224339316630,2,2017-01-20 07:38:14,0
759,14615342747560270,290,2017-02-10 10:04:36,0
760,14615342747560270,219,2017-02-05 00:26:01,0
761,14615407585359740,169,2017-01-01 19:58:39,0
762,14615230806211460,12,2017-01-02 11:58:58,0
763,14615362915496210,358,2017-01-15 13:02:10,0
764,14615389847090640,247,2017-02-08 09:01:08,0
765,14615228723636630,30,2017-02-10 22:27:26,0
766,14615363285427770,145,2017-01-15 14:06:45,0
767,14615224339316630,255,2017-02-12 05:34:11,0
768,14615362915496210,267,2017-01-04 12:29:40,0
769,14615396446378240,213,2017-01-07 13:46:52,0
770,1511450097286867,155,2017-01-30 03:32:24,0
771,14615341249566000,52,2017-01-26 07:49:48,0
772,14615362915496210,18,2017-02-06 04:47:49,0
773,14615342747560270,247,2017-01-01 01:02:09,0
774,14615342747560270,314,2017-01-21 14:33:48,0
775,14615342747560270,18,2017-01-29 15:20:48,0
776,14615339806425970,228,2017-01-29 22:40:27,0
777,14615342747560270,67,2017-02-12 22:39:15,0
778,1511450097286867,11,2017-01-18 18:24:22,0
779,1511450097286867,192,2017-02-01 21:14:41,0
780,14615209638088820,173,2017-01-04 10:05:57,0
781,14615209638088820,157,2017-02-06 16:53:11,0
782,14615341249566000,267,2017-01-03 04:26:46,0
783,14615362915496210,175,2017-02-05 12:45:48,0
784,14616947669245890,155,2017-02-05 06:49:48,0
785,14615396446378240,259,2017-02-03 21:00:22,0
786,14615362915496210,169,2017-02-11 09:50:24,0
787,14615411572341610,18,2017-02-06 13:23:34,0
788,14615388134447370,320,2017-01-29 12:40:22,0
789,1511450097286867,233,2017-01-01 10:20:46,0
790,14615238277805200,18,2017-01-25 19:25:22,0
791,14615396446378240,233,2017-02-09 07:06:05,0
792,14615330681559970,157,2017-01-24 18:35:49,0
793,1511461610794341,291,2017-01-18 06:26:07,0
794,14615366820272070,71,2017-01-01 23:26:50,0
795,14615362915496210,42,2017-01-26 22:17:45,0
796,14615342747560270,229,2017-02-12 07:29:51,0
797,14615223521819060,175,2017-02-07 23:26:09,0
798,14615342747560270,12,2017-02-03 13:35:37,0
799,14615362915496210,291,2017-01-01 14:24:54,0
800,14615341249566000,160,2017-01-08 18:05:50,0
801,14615362915496210,160,2017-01-05 12:24:37,0
802,14615342747560270,8,2017-01-28 16:18:27,0
803,14615388134447370,160,2017-02-04 09:30:07,0
804,14615336477051000,249,2017-01-12 09:37:51,0
805,14615230806211460,219,2017-02-10 19:25:22,0
806,14615169567198860,97,2017-01-02 04:24:25,0
807,1511450097286867,157,2017-02-02 20:09:19,0
808,1511450097286867,219,2017-02-05 00:01:46,0
809,14615342747560270,219,2017-01-16 17:09:34,0
810,14615389847090640,163,2017-02-08 09:46:55,0
811,14615362915496210,351,2017-01-10 10:40:45,0
812,14615338358673270,12,2017-02-11 23:20:54,0
813,14615362915496210,226,2017-02-09 20:27:50,0
814,14615342747560270,15,2017-02-09 05:43:20,0
815,14615395354901770,219,2017-02-02 01:50:17,0
816,14615330681559970,18,2017-02-04 07:53:19,0
817,1508348000516039,157,2017-01-16 21:10:02,0
818,14615342747560270,15,2017-01-22 07:37:23,0
819,14615362915496210,192,2017-01-24 15:04:04,0
820,14615209638088820,232,2017-02-11 18:13:44,0
821,14615342747560270,155,2017-01-29 13:39:16,0
822,14615342747560270,79,2017-02-08 09:03:04,0
823,14615230806211460,24,2017-02-09 13:01:09,0
824,1511450097286867,348,2017-01-23 21:20:09,0
825,1511450097286867,130,2017-01-29 00:04:13,0
826,14615341249566000,33,2017-02-10 22:23:22,0
827,14615362915496210,223,2017-02-01 10:41:16,0
828,14615342747560270,15,2017-01-21 04:40:05,0
829,14615342747560270,213,2017-02-06 03:00:49,0
830,14615362915496210,341,2017-02-08 03:35:12,0
831,14615362915496210,246,2017-01-09 03:23:27,0
832,14615342747560270,15,2017-02-11 12:02:20,0
833,1511351423050227,168,2017-01-28 14:55:10,0
834,14615362915496210,233,2017-02-06 07:16:19,0
835,14615389847090640,219,2017-01-04 05:30:26,0
836,14617008108978690,18,2017-01-07 11:53:33,0
837,1511351423050227,15,2017-01-01 22:32:11,0
838,14615362915496210,233,2017-01-23 03:14:00,0
839,14615389847090640,175,2017-01-22 22:38:45,0
840,14615363285427770,18,2017-02-12 04:04:17,0
841,14615336477051000,282,2017-02-02 14:16:27,0
842,14615362915496210,160,2017-01-03 18:14:54,0
843,14616947523101890,15,2017-01-15 22:39:23,0
844,14615342747560270,306,2017-01-07 08:28:07,0
845,14615341249566000,164,2017-01-06 01:22:24,0
846,14615169567198860,187,2017-01-22 10:23:53,0
847,14615342747560270,169,2017-02-12 22:39:19,0
848,14615336477051000,286,2017-02-04 21:06:21,0
849,14615396446378240,337,2017-01-22 12:04:30,0
850,14615374693770940,306,2017-01-06 16:19:51,0
851,14615363285427770,261,2017-01-03 18:00:19,0
852,14615362915496210,18,2017-01-03 15:13:05,0
853,14615338358673270,66,2017-01-11 00:43:12,0
854,14615363285427770,65,2017-01-04 22:01:43,0
855,1511450097286867,148,2017-02-06 08:59:41,0
856,14615396446378240,229,2017-01-01 07:36:09,0
857,14615330681559970,246,2017-01-11 08:37:08,0
858,14615342747560270,257,2017-01-24 13:49:01,0
859,14615228723636630,114,2017-02-05 15:41:32,0
860,14615350776332570,231,2017-01-10 14:32:09,0
861,14615341249566000,351,2017-02-08 11:52:02,0
862,14615238277805200,253,2017-02-12 03:52:28,0
863,14616951204094750,224,2017-02-10 01:14:53,0
864,14615379091787370,16,2017-01-01 01:12:45,0
865,14615342747560270,125,2017-02-09 12:22:05,0
866,14617008108978690,136,2017-02-12 03:43:21,0
867,14615389847090640,83,2017-01-29 20:06:35,0
868,14615363285427770,350,2017-02-05 19:57:32,0
869,14615286875279600,12,2017-02-12 14:56:29,0
870,14615342747560270,291,2017-02-04 00:04:20,0
871,14615362915496210,217,2017-01-29 11:50:03,0
872,14615166004947990,291,2017-02-08 12:10:02,0
873,1511450097286867,225,2017-02-10 23:26:45,0
874,14615342747560270,175,2017-01-06 23:12:49,0
875,14615342747560270,251,2017-01-23 10:27:05,0
876,14615362915496210,253,2017-02-12 22:39:14,0
877,1511450097286867,11,2017-02-11 05:07:42,0
878,14615228723636630,18,2017-02-12 22:04:32,0
879,14615342747560270,155,2017-01-25 00:00:10,0
880,14615362915496210,18,2017-01-15 14:11:48,0
881,14615194667453690,280,2017-01-09 05:15:38,0
882,14617010392501520,157,2017-01-24 18:41:46,0
883,14615362915496210,155,2017-01-26 21:00:09,0
884,14615362915496210,18,2017-01-23 10:16:10,0
885,14615342747560270,123,2017-02-08 18:27:24,0
886,14615424428442040,164,2017-01-22 10:09:27,0
887,14615228723636630,169,2017-02-01 14:20:07,0
888,14615362915496210,251,2017-02-12 19:32:09,0
889,14615362915496210,113,2017-02-07 16:24:37,0
890,14615416349428180,169,2017-01-18 02:09:47,0
891,14615363285427770,175,2017-01-25 01:40:52,0
892,14615224339316630,359,2017-02-12 15:43:12,0
893,14615362915496210,219,2017-02-08 05:06:33,0
894,14615396446378240,169,2017-02-12 22:07:21,0
895,14615362915496210,219,2017-01-01 15:03:43,0
896,14615362915496210,170,2017-01-31 15:16:19,0
897,14617010392501520,311,2017-01-05 03:42:21,0
898,1511450097286867,155,2017-01-25 10:18:37,0
899,14615363285427770,231,2017-02-12 22:39:17,0
900,14615228723636630,45,2017-01-07 17:04:38,0
901,14615342747560270,169,2017-01-17 13:11:10,0
902,14615388134447370,291,2017-02-10 06:39:21,0
903,14615362915496210,366,2017-01-09 19:31:04,0
904,14617010392501520,238,2017-01-26 23:55:15,0
905,14615342747560270,15,2017-01-17 17:33:56,0
906,14615338358673270,173,2017-02-08 19:28:16,0
907,14615342747560270,175,2017-02-11 18:15:32,0
908,14615342747560270,352,2017-02-03 10:00:37,0
909,14615362915496210,12,2017-02-05 04:21:52,0
910,14615194667453690,351,2017-01-08 13:30:29,0
911,14617008232292260,257,2017-01-15 11:44:19,0
912,14615362915496210,15,2017-01-28 02:59:18,0
913,14615342747560270,18,2017-01-18 21:01:48,0
914,1511450097286867,15,2017-01-03 17:08:28,0
915,1511450097286867,157,2017-01-07 03:19:38,0
916,14616935434220920,169,2017-02-10 06:03:37,0
917,14615363285427770,149,2017-01-01 17:56:25,0
918,14617010392501520,173,2017-02-08 20:39:27,0
919,14615347908274840,124,2017-01-02 02:20:36,0
920,1511450097286867,189,2017-02-01 00:39:55,0
921,1511450097286867,20,2017-02-12 06:19:23,0
922,14615362915496210,156,2017-01-17 09:01:06,0
923,14615363285427770,169,2017-02-10 18:53:53,0
924,14615389847090640,219,2017-01-01 11:35:43,0
925,14615407585359740,168,2017-01-11 00:30:49,0
926,14615388586584940,229,2017-01-18 21:10:38,0
927,14617010392501520,280,2017-02-07 07:10:30,0
928,1511450097286867,328,2017-01-10 01:54:13,0
929,14615169567198860,362,2017-02-06 22:55:20,0
930,14615340116986540,26,2017-01-30 23:02:18,0
931,14615341249566000,157,2017-01-05 02:22:38,0
932,14615336477051000,327,2017-01-01 03:50:07,0
933,1508348000516039,337,2017-01-17 01:23:29,0
934,14615342747560270,9,2017-01-24 01:43:59,0
935,14615363285427770,18,2017-02-07 11:13:17,0
936,14615342747560270,49,2017-02-07 00:42:02,0
937,14615424428442040,257,2017-01-05 05:56:01,0
938,14615238277805200,157,2017-01-02 15:23:51,0
939,14615342747560270,348,2017-02-08 02:13:51,0
940,14615366820272070,15,2017-01-10 16:12:20,0
941,1511450097286867,224,2017-01-30 21:26:37,0
942,14615342747560270,330,2017-01-27 04:40:45,0
943,14615342747560270,332,2017-02-03 20:23:43,0
944,14615362915496210,55,2017-01-31 10:25:27,0
945,1511450097286867,180,2017-02-10 01:30:20,0
946,14615169567198860,155,2017-01-02 05:29:53,0
947,1511450097286867,15,2017-01-22 21:29:40,0
948,14615342747560270,15,2017-01-19 05:57:05,0
949,14615362915496210,18,2017-02-09 23:01:54,0
950,14615363285427770,291,2017-01-29 17:55:45,0
951,1511450097286867,15,2017-01-18 18:18:37,0
952,14615169567198860,18,2017-01-09 22:35:15,0
953,14615362915496210,219,2017-02-11 16:36:08,0
954,14615363285427770,18,2017-01-18 05:30:15,0
955,14615341249566000,137,2017-02-10 11:25:35,0
956,14615362915496210,173,2017-02-04 07:37:26,0
957,14615228723636630,270,2017-01-31 08:07:40,0
958,14615336477051000,168,2017-02-12 21:13:41,0
959,14615342747560270,192,2017-01-25 09:19:49,0
960,14615396446378240,157,2017-02-08 14:17:20,0
961,14615169567198860,14,2017-01-17 21:48:52,0
962,14615363285427770,12,2017-02-11 16:07:32,0
963,14615228723636630,219,2017-01-07 10:08:00,0
964,1511351423050227,362,2017-01-25 08:44:50,0
965,14615363285427770,11,2017-02-11 19:31:49,0
966,1511450097286867,15,2017-02-07 20:59:32,0
967,14615342747560270,358,2017-02-11 11:26:36,0
968,1511450097286867,326,2017-01-04 17:31:29,0
969,1511450097286867,48,2017-02-06 21:22:39,0
970,14615342747560270,187,2017-01-01 06:47:10,0
971,14615426104544740,18,2017-01-02 17:49:07,0
972,14615169567198860,10,2017-01-07 05:12:23,0
973,14615339806425970,249,2017-02-12 03:56:48,0
974,14615363285427770,257,2017-01-31 20:36:54,0
975,14615228723636630,175,2017-01-03 02:06:10,0
976,14615362915496210,42,2017-01-11 05:51:57,0
977,14615402173409940,175,2017-01-14 15:09:08,0
978,14615209638088820,160,2017-01-01 06:32:40,0
979,14615342747560270,349,2017-02-11 02:38:35,0
980,14615362915496210,233,2017-01-14 21:54:34,0
981,14615350520580570,160,2017-02-09 00:05:10,0
982,14615362915496210,155,2017-01-08 20:48:19,0
983,14615362915496210,309,2017-02-09 21:28:01,0
984,14616947669245890,169,2017-01-01 02:25:34,0
985,14615362915496210,343,2017-01-05 05:13:03,0
986,14616935434220920,77,2017-01-05 03:07:08,0
987,14615395354901770,228,2017-01-17 09:32:34,0
988,1511450097286867,274,2017-02-11 03:59:42,0
989,14615362915496210,319,2017-02-12 21:37:09,0
990,14615209638088820,139,2017-02-10 13:27:51,0
991,14615166004947990,160,2017-01-26 16:12:13,0
992,14617008232292260,20,2017-01-01 19:52:31,0
993,1511450097286867,256,2017-02-08 09:58:50,0
994,14615215913165090,18,2017-02-08 23:18:43,0
995,14615362915496210,175,2017-01-05 21:03:05,0
996,14615341249566000,105,2017-02-11 20:00:29,0
997,1511450097286867,157,2017-02-12 03:58:41,0
998,14615362915496210,247,2017-02-11 22:03:33,0
999,14615330681559970,233,2017-01-28 01:40:27,0
1000,14615362915496210,0,2017-01-22 18:18:59,0
1001,14615342747560270,169,2017-02-11 00:19:02,0
1002,14615342747560270,362,2017-01-30 09:35:54,0
1003,14615338358673270,247,2017-01-01 22:14:36,0
1004,14615342747560270,16,2017-01-31 00:11:49,0
1005,14615362915496210,209,2017-01-28 05:56:42,0
1006,1511541336849403,350,2017-01-05 19:52:05,0
1007,14615230806211460,175,2017-02-12 06:56:40,0
1008,14615362915496210,291,2017-01-25 08:43:21,0
1009,14615336477051000,15,2017-01-20 13:03:00,0
1010,14615388134447370,163,2017-01-09 17:06:31,0
1011,14615341249566000,169,2017-01-01 05:32:31,0
1012,1511450097286867,173,2017-02-04 04:00:58,0
1013,14615224339316630,196,2017-01-16 06:58:33,0
1014,14615388134447370,175,2017-01-11 11:22:14,0
1015,14615342747560270,254,2017-02-09 10:57:38,0
1016,1511450097286867,350,2017-01-01 03:14:34,0
1017,1511450097286867,265,2017-01-14 16:58:17,0
1018,14615342747560270,18,2017-01-28 14:22:52,0
1019,14615363285427770,169,2017-02-12 06:40:35,0
1020,1511450097286867,278,2017-01-24 01:20:20,0
1021,14617010392501520,218,2017-02-03 22:30:14,0
1022,14615362915496210,180,2017-02-08 00:15:07,0
1023,1511265983244300,222,2017-01-09 21:53:31,0
1024,14615362915496210,306,2017-02-09 07:55:20,0
1025,1508348000516039,173,2017-02-10 22:57:56,0
1026,14615342747560270,93,2017-02-07 09:30:46,0
1027,14615442335644470,334,2017-02-06 03:18:38,0
1028,14615224339316630,309,2017-02-06 04:37:57,0
1029,14615341249566000,9,2017-02-04 05:49:31,0
1030,1511450097286867,156,2017-01-08 04:59:58,0
1031,14615342747560270,160,2017-02-10 11:16:54,0
1032,14615342747560270,18,2017-01-01 03:51:17,0
1033,14615169567198860,15,2017-01-06 00:28:25,0
1034,14615342747560270,220,2017-02-10 15:03:27,0
1035,14615362915496210,212,2017-01-01 01:10:28,0
1036,14615220009759520,231,2017-01-17 05:48:10,0
1037,1511450097286867,10,2017-02-08 06:31:37,0
1038,14615342747560270,169,2017-01-01 17:37:02,0
1039,14615224339316630,20,2017-01-01 19:09:37,0
1040,14615362915496210,219,2017-02-12 03:29:17,0
1041,14615342747560270,15,2017-01-01 05:31:11,0
1042,1511450097286867,351,2017-02-07 10:12:22,0
1043,14615342747560270,229,2017-02-10 12:26:29,0
1044,14615342747560270,253,2017-02-07 05:09:45,0
1045,14615362915496210,50,2017-01-01 03:28:54,0
1046,14615363285427770,229,2017-01-12 00:57:36,0
1047,1511450097286867,137,2017-02-04 09:47:24,0
1048,14615396446378240,15,2017-01-21 14:16:48,0
1049,1511450097286867,18,2017-01-06 19:11:27,0
1050,14615426104544740,243,2017-01-30 13:03:57,0
1051,14615341249566000,219,2017-02-02 16:22:50,0
1052,14615362915496210,291,2017-02-08 04:40:33,0
1053,14615342747560270,160,2017-01-10 03:23:37,0
1054,1508338528891430,30,2017-02-02 13:30:35,0
1055,14615363285427770,15,2017-01-16 20:33:51,0
1056,1511450097286867,11,2017-01-01 11:07:33,0
1057,14615215913165090,359,2017-02-08 07:22:08,0
1058,14615338358673270,72,2017-01-10 08:12:19,0
1059,14615224339316630,32,2017-02-12 20:02:47,0
1060,14615363285427770,251,2017-01-01 18:21:32,0
1061,1511450097286867,311,2017-01-27 13:23:18,0
1062,14615342747560270,71,2017-02-07 10:50:03,0
1063,14615342747560270,169,2017-01-21 04:54:39,0
1064,14615363285427770,363,2017-02-12 06:59:19,0
1065,14615362915496210,12,2017-01-23 10:38:44,0
1066,14615330681559970,175,2017-02-06 05:46:51,0
1067,14615362915496210,177,2017-01-30 10:00:44,0
1068,14615362915496210,10,2017-01-05 21:17:23,0
1069,14615224339316630,185,2017-01-22 02:36:26,0
1070,14615362915496210,106,2017-02-03 22:55:36,0
1071,1511450097286867,222,2017-01-27 01:21:48,0
1072,14615238277805200,219,2017-02-10 22:27:41,0
1073,14615342747560270,18,2017-01-02 03:34:56,0
1074,14615350520580570,18,2017-01-02 20:07:02,0
1075,14615362915496210,157,2017-02-09 10:22:41,0
1076,1511450097286867,169,2017-01-01 00:00:13,0
1077,14615362915496210,211,2017-01-04 05:45:20,0
1078,14615396446378240,175,2017-02-04 10:24:18,0
1079,1508338528891430,219,2017-01-05 06:58:42,0
1080,14615340116986540,18,2017-01-29 13:50:46,0
1081,1511450097286867,212,2017-01-26 13:37:20,0
1082,14615362915496210,48,2017-02-05 18:09:05,0
1083,14615362915496210,350,2017-01-10 07:57:45,0
1084,14615362915496210,155,2017-01-02 06:27:21,0
1085,14615362915496210,310,2017-02-12 10:59:33,0
1086,14615336477051000,207,2017-01-02 21:53:21,0
1087,14615230806211460,219,2017-02-10 07:54:36,0
1088,1511450097286867,160,2017-01-20 11:36:51,0
1089,14615166004947990,169,2017-01-10 21:56:12,0
1090,14615362915496210,219,2017-02-12 10:12:11,0
1091,14615342747560270,8,2017-01-03 18:25:46,0
1092,1511450097286867,18,2017-01-20 10:30:17,0
1093,14615169567198860,204,2017-02-04 07:57:44,0
1094,14615388134447370,162,2017-01-29 15:36:15,0
1095,14615342747560270,10,2017-02-06 16:43:51,0
1096,14615230806211460,18,2017-01-14 07:09:06,0
1097,14615362915496210,20,2017-02-10 17:10:41,0
1098,14615362915496210,18,2017-01-18 12:37:41,0
1099,14615230806211460,119,2017-02-07 05:42:59,0
1100,14615362915496210,20,2017-01-05 23:29:46,0
1101,14615228723636630,357,2017-02-09 03:30:05,0
1102,14615230806211460,177,2017-02-09 12:43:12,0
1103,14615169567198860,88,2017-01-11 10:37:10,0
1104,14615363285427770,254,2017-02-04 15:51:44,0
1105,14615362915496210,111,2017-01-03 10:36:38,0
1106,1511351423050227,114,2017-01-19 02:20:16,0
1107,14615396446378240,20,2017-01-25 02:39:06,0
1108,14615341249566000,18,2017-02-11 09:01:12,0
1109,14615215913165090,175,2017-02-04 10:11:16,0
1110,14615363285427770,351,2017-01-17 19:16:26,0
1111,14615395354901770,128,2017-02-12 10:39:04,0
1112,14615442335644470,15,2017-01-02 05:22:47,0
1113,14615228723636630,200,2017-02-12 22:36:14,0
1114,14615366820272070,254,2017-02-07 07:50:09,0
1115,14615342747560270,175,2017-02-12 22:33:24,0
1116,14615363285427770,169,2017-01-02 10:22:59,0
1117,14615363285427770,82,2017-01-03 14:16:27,0
1118,1511450097286867,175,2017-01-29 22:14:03,0
1119,14615367719980210,247,2017-02-11 05:34:40,0
1120,14615362915496210,294,2017-01-04 13:16:20,0
1121,14615224339316630,306,2017-01-24 13:38:14,0
1122,14615362915496210,20,2017-02-12 04:31:07,0
1123,14615362915496210,175,2017-02-07 14:14:26,0
1124,14615339806425970,31,2017-02-11 16:04:29,0
1125,14615362915496210,175,2017-01-12 07:18:57,0
1126,14616935434220920,12,2017-02-05 15:56:48,0
1127,14617010392501520,175,2017-01-20 12:14:05,0
1128,14616947523101890,169,2017-01-04 21:23:14,0
1129,14615224339316630,155,2017-01-17 00:24:43,0
1130,14615362915496210,192,2017-01-01 10:16:51,0
1131,14615362915496210,224,2017-01-13 08:44:05,0
1132,1511450097286867,195,2017-01-19 11:16:54,0
1133,14615362915496210,15,2017-02-11 01:57:59,0
1134,14615166004947990,233,2017-02-07 03:44:24,0
1135,14615362915496210,169,2017-01-09 09:47:11,0
1136,14615342747560270,11,2017-01-04 06:21:26,0
1137,14615228723636630,44,2017-01-27 05:49:56,0
1138,14615363285427770,306,2017-02-12 21:25:22,0
1139,14615341249566000,279,2017-02-02 18:38:38,0
1140,14615342747560270,169,2017-01-31 05:05:28,0
1141,14615362915496210,164,2017-01-09 07:58:05,0
1142,14615350474910570,351,2017-01-05 20:26:15,0
1143,14615341249566000,192,2017-02-12 16:20:07,0
1144,14617008108978690,175,2017-02-11 11:23:38,0
1145,14615342747560270,308,2017-01-25 07:29:40,0
1146,14615362915496210,229,2017-02-12 00:31:29,0
1147,14615339806425970,291,2017-02-09 07:27:07,0
1148,14615363285427770,219,2017-01-17 02:12:20,0
1149,14615342747560270,219,2017-01-01 01:58:18,0
1150,14615342747560270,155,2017-01-05 02:24:19,0
1151,14615367719980210,217,2017-01-20 03:48:32,0
1152,14615169567198860,121,2017-02-12 08:32:08,0
1153,14615336477051000,26,2017-02-06 15:51:50,0
1154,14615362915496210,42,2017-01-30 08:23:34,0
1155,14615336477051000,136,2017-02-11 08:47:19,0
1156,14615388134447370,155,2017-02-07 06:42:17,0
1157,14615342747560270,73,2017-01-23 22:50:01,0
1158,14615362915496210,173,2017-01-05 00:04:07,0
1159,14615362915496210,22,2017-01-17 20:51:11,0
1160,14615228723636630,15,2017-01-27 02:00:43,0
1161,14615223521819060,32,2017-01-21 03:49:41,0
1162,14616947523101890,21,2017-01-20 21:30:49,0
1163,14615362915496210,187,2017-01-01 14:09:45,0
1164,14615379863619500,358,2017-02-05 00:52:04,0
1165,14615342747560270,169,2017-01-27 02:28:20,0
1166,14617010392501520,300,2017-01-21 13:29:29,0
1167,14615362915496210,257,2017-01-05 17:36:28,0
1168,14615362915496210,18,2017-01-22 01:44:16,0
1169,1511450097286867,251,2017-01-26 00:33:29,0
1170,14615388134447370,15,2017-01-01 14:21:26,0
1171,14615342747560270,157,2017-01-08 00:40:12,0
1172,14615341249566000,18,2017-01-26 23:48:42,0
1173,1511351423050227,339,2017-02-07 17:13:28,0
1174,14615362915496210,183,2017-01-02 22:55:18,0
1175,14615342747560270,201,2017-02-12 20:53:45,0
1176,14615342747560270,354,2017-02-03 11:06:36,0
1177,14615342747560270,21,2017-01-12 07:24:50,0
1178,14615362915496210,31,2017-01-29 06:23:35,0
1179,14615336477051000,173,2017-01-02 09:54:58,0
1180,14615340116986540,322,2017-01-03 11:09:16,0
1181,14615362915496210,291,2017-02-07 10:10:19,0
1182,14615339806425970,30,2017-01-04 11:50:14,0
1183,14615362915496210,12,2017-01-09 12:53:31,0
1184,14615362915496210,15,2017-02-08 23:01:36,0
1185,14615407585359740,229,2017-02-12 04:31:06,0
1186,14615366820272070,138,2017-01-31 11:46:12,0
1187,14615362915496210,259,2017-02-12 06:52:21,0
1188,14615224339316630,155,2017-02-06 21:54:44,0
1189,14615228723636630,4,2017-01-01 16:37:46,0
1190,14615341249566000,74,2017-01-19 09:35:59,0
1191,1511450097286867,219,2017-02-09 19:54:37,0
1192,14615342747560270,330,2017-02-11 01:53:33,0
1193,14615342747560270,350,2017-02-09 05:49:57,0
1194,14615342747560270,306,2017-01-07 05:35:05,0
1195,14615442335644470,175,2017-02-01 13:02:56,0
1196,14615342747560270,124,2017-01-04 10:18:08,0
1197,14615362915496210,12,2017-01-26 02:23:52,0
1198,14615363285427770,155,2017-01-03 08:50:27,0
1199,14615330681559970,229,2017-02-11 06:07:50,0
1200,14615426104544740,353,2017-01-27 07:23:28,0
1201,1511450097286867,219,2017-02-10 06:31:01,0
1202,14615340116986540,175,2017-01-24 18:34:13,0
1203,14615362915496210,148,2017-02-06 15:04:59,0
1204,14615342747560270,320,2017-02-03 01:40:59,0
1205,14615341249566000,169,2017-02-11 22:01:02,0
1206,14615238277805200,12,2017-01-01 22:19:45,0
1207,14617010392501520,6,2017-01-11 03:37:11,0
1208,14615194667453690,350,2017-02-10 01:31:56,0
1209,14615396446378240,43,2017-01-20 22:31:40,0
1210,14615342747560270,247,2017-02-07 19:28:57,0
1211,14615388134447370,219,2017-01-07 07:19:33,0
1212,14615342747560270,18,2017-01-29 13:26:42,0
1213,14615362915496210,157,2017-01-01 06:27:22,0
1214,14615362915496210,233,2017-02-11 21:19:17,0
1215,14615362915496210,351,2017-01-12 12:56:36,0
1216,14615362915496210,166,2017-01-16 22:21:56,0
1217,1511450097286867,157,2017-01-02 19:35:10,0
1218,14617010392501520,15,2017-02-12 04:55:32,0
1219,14615342747560270,173,2017-01-03 17:40:57,0
1220,14615363285427770,175,2017-01-09 22:49:34,0
1221,14615389847090640,157,2017-01-24 05:32:35,0
1222,14615341249566000,16,2017-02-10 22:26:39,0
1223,1511450097286867,18,2017-01-01 16:13:58,0
1224,14615169567198860,249,2017-01-26 16:43:04,0
1225,14615228723636630,173,2017-01-30 02:37:35,0
1226,14615362915496210,219,2017-01-26 03:28:55,0
1227,14615330681559970,8,2017-01-01 04:44:44,0
1228,14615362915496210,18,2017-01-16 21:56:36,0
1229,14615362915496210,137,2017-02-12 11:46:03,0
1230,14615169567198860,155,2017-01-01 22:44:57,0
1231,1511450097286867,169,2017-01-03 00:12:41,0
1232,14615342747560270,309,2017-01-21 00:17:26,0
1233,14615396446378240,214,2017-01-22 18:44:46,0
1234,14617008108978690,20,2017-01-26 23:49:00,0
1235,14615228723636630,290,2017-01-10 12:05:36,0
1236,14615362915496210,272,2017-02-05 14:27:00,0
1237,14615362915496210,12,2017-02-09 05:54:19,0
1238,14615228723636630,245,2017-02-12 10:40:51,0
1239,14615388586584940,336,2017-01-11 12:12:08,0
1240,14615362915496210,229,2017-01-02 08:05:13,0
1241,14615169567198860,340,2017-02-10 07:10:49,0
1242,14615379091787370,170,2017-02-11 06:30:57,0
1243,14615362915496210,323,2017-02-08 18:14:45,0
1244,14615230806211460,333,2017-01-18 17:28:44,0
1245,14615230806211460,306,2017-01-21 13:16:00,0
1246,14615228723636630,18,2017-02-02 19:42:23,0
1247,14615228723636630,243,2017-01-28 13:15:58,0
1248,14615342747560270,28,2017-01-04 10:26:26,0
1249,14615342747560270,92,2017-01-05 14:55:12,0
1250,14615330681559970,223,2017-02-09 19:16:22,0
1251,14615228723636630,175,2017-02-12 21:27:54,0
1252,14615342747560270,13,2017-01-19 11:04:30,0
1253,14615194667453690,238,2017-02-11 03:32:36,0
1254,1511450097286867,350,2017-01-07 03:50:44,0
1255,14615362915496210,12,2017-02-02 06:53:05,0
1256,1511450097286867,18,2017-02-12 09:03:11,0
1257,14615342747560270,180,2017-01-14 22:45:59,0
1258,14615363285427770,20,2017-01-01 13:05:56,0
1259,14615395354901770,92,2017-01-29 13:05:04,0
1260,14616935434220920,21,2017-01-23 11:26:27,0
1261,14615350474910570,201,2017-01-11 09:43:07,0
1262,14615362915496210,20,2017-02-12 09:15:55,0
1263,14615342747560270,15,2017-02-08 19:13:00,0
1264,14615342747560270,253,2017-02-08 12:14:59,0
1265,14615342747560270,173,2017-02-11 14:22:17,0
1266,1511351423050227,233,2017-02-01 00:02:36,0
1267,14615342747560270,173,2017-01-03 16:20:32,0
1268,14615342747560270,18,2017-01-01 08:45:20,0
1269,14615342747560270,201,2017-01-24 22:35:31,0
1270,14615362915496210,10,2017-02-02 08:02:09,0
1271,14615362915496210,155,2017-01-20 00:03:35,0
1272,14615362915496210,155,2017-01-25 00:42:05,0
1273,14615339806425970,137,2017-01-26 16:04:36,0
1274,1511450097286867,251,2017-02-12 21:04:03,0
1275,14615342747560270,224,2017-01-27 06:22:09,0
1276,1511450097286867,332,2017-01-25 17:56:59,0
1277,1508338528891430,155,2017-02-12 15:01:34,0
1278,14615362915496210,246,2017-02-10 12:09:20,0
1279,14615342747560270,6,2017-02-01 06:43:57,0
1280,14615228723636630,195,2017-01-07 15:03:34,0
1281,1511450097286867,15,2017-02-10 19:12:51,0
1282,14615338358673270,327,2017-02-08 01:15:58,0
1283,14615395354901770,348,2017-01-02 23:16:37,0
1284,14615362915496210,173,2017-02-10 16:46:43,0
1285,14615166004947990,15,2017-01-14 23:41:28,0
1286,14615209638088820,169,2017-01-13 20:55:00,0
1287,14615396446378240,174,2017-02-03 02:10:00,0
1288,14615350776332570,337,2017-02-05 06:29:13,0
1289,14615342747560270,84,2017-01-01 12:11:32,0
1290,14615362915496210,308,2017-01-08 04:51:18,0
1291,14615342747560270,212,2017-01-30 22:34:39,0
1292,14615362915496210,306,2017-02-02 02:01:29,0
1293,14615223521819060,180,2017-02-12 11:13:43,0
1294,14615342747560270,175,2017-01-13 16:02:27,0
1295,14615395354901770,18,2017-01-14 18:16:13,0
1296,14615224339316630,172,2017-01-12 03:24:02,0
1297,14615363285427770,219,2017-01-20 17:40:57,0
1298,14615363285427770,246,2017-01-13 02:00:31,0
1299,14615342747560270,31,2017-02-10 16:07:44,0
1300,14615238277805200,32,2017-02-11 02:44:20,0
1301,14615362915496210,157,2017-02-06 02:14:23,0
1302,1511450097286867,246,2017-01-02 10:00:52,0
1303,14615342747560270,15,2017-01-01 16:32:33,0
1304,14615362915496210,33,2017-02-09 14:41:20,0
1305,14615342747560270,18,2017-01-19 13:30:01,0
1306,14615362915496210,303,2017-02-10 10:46:03,0
1307,14615362915496210,155,2017-02-11 22:30:56,0
1308,14615362915496210,351,2017-01-22 23:59:29,0
1309,14615230806211460,18,2017-01-31 06:30:04,0
1310,1511450097286867,280,2017-01-11 22:23:03,0
1311,14615396446378240,362,2017-01-30 10:28:17,0
1312,14615362915496210,324,2017-01-02 06:34:41,0
1313,14615363285427770,358,2017-01-22 18:48:18,0
1314,14615341249566000,15,2017-02-11 19:18:33,0
1315,14615395354901770,160,2017-02-11 09:37:20,0
1316,14615362915496210,18,2017-01-31 07:32:15,0
1317,14615342747560270,276,2017-02-06 07:02:41,0
1318,14615341249566000,71,2017-01-01 02:36:17,0
1319,14615389847090640,30,2017-01-30 11:23:24,0
1320,1511351423050227,352,2017-01-07 22:45:44,0
1321,14615342747560270,200,2017-02-02 21:15:30,0
1322,14615362915496210,66,2017-01-07 04:07:07,0
1323,14615215913165090,155,2017-02-07 17:38:27,0
1324,1511450097286867,251,2017-02-11 16:18:52,0
1325,14615363285427770,31,2017-02-04 14:55:48,0
1326,14615362915496210,277,2017-01-05 14:13:20,0
1327,14615341249566000,141,2017-01-24 22:01:51,0
1328,14615362915496210,37,2017-01-28 20:57:04,0
1329,14615342747560270,30,2017-02-07 22:21:06,0
1330,14615362915496210,212,2017-01-02 02:35:50,0
1331,14615362915496210,157,2017-01-11 05:00:26,0
1332,14615230806211460,15,2017-02-11 20:01:21,0
1333,14615166004947990,20,2017-01-01 02:04:55,0
1334,1511450097286867,233,2017-01-08 07:12:17,0
1335,14617008108978690,155,2017-02-11 21:02:50,0
1336,14615238277805200,251,2017-01-15 13:01:17,0
1337,14615362915496210,291,2017-01-01 10:23:55,0
1338,14615362915496210,20,2017-02-01 06:45:40,0
1339,14615362915496210,157,2017-01-28 21:15:28,0
1340,14615362915496210,15,2017-01-03 17:07:41,0
1341,1508348000516039,26,2017-01-01 02:38:31,0
1342,14615230806211460,114,2017-01-26 22:50:15,0
1343,14615341249566000,155,2017-01-25 00:11:21,0
1344,14615341249566000,169,2017-01-05 00:43:51,0
1345,14616935434220920,15,2017-02-07 15:17:44,0
1346,1511450097286867,248,2017-01-01 05:10:15,0
1347,14615342747560270,233,2017-02-05 06:06:06,0
1348,14615342747560270,260,2017-02-08 14:07:49,0
1349,14615209638088820,123,2017-02-09 03:58:55,0
1350,14615342747560270,351,2017-01-24 19:42:46,0
1351,14615228723636630,201,2017-01-20 22:07:33,0
1352,14615379091787370,290,2017-01-28 07:15:53,0
1353,14615396446378240,126,2017-01-03 08:29:16,0
1354,1511450097286867,229,2017-01-20 02:15:39,0
1355,14615362915496210,8,2017-01-28 05:58:13,0
1356,14615362915496210,351,2017-01-24 06:38:16,0
1357,14615342747560270,173,2017-02-11 20:56:08,0
1358,14615342747560270,256,2017-02-11 16:49:00,0
1359,14615341249566000,291,2017-01-08 16:08:00,0
1360,14615238277805200,265,2017-02-06 17:49:25,0
1361,14615366820272070,169,2017-02-03 11:46:59,0
1362,14615362915496210,233,2017-01-23 17:37:21,0
1363,14615366820272070,284,2017-02-12 03:54:51,0
1364,1511351423050227,213,2017-01-04 04:19:20,0
1365,14615350739796570,175,2017-02-07 03:20:34,0
1366,14615341249566000,11,2017-01-21 08:20:52,0
1367,14615342747560270,37,2017-01-12 11:07:56,0
1368,14615388586584940,226,2017-02-12 00:38:10,0
1369,14615342747560270,175,2017-01-02 11:39:40,0
1370,14615342747560270,18,2017-01-22 18:59:52,0
1371,14615224339316630,361,2017-02-06 22:49:47,0
1372,14615341249566000,160,2017-01-02 05:44:07,0
1373,1511450097286867,350,2017-02-12 13:03:03,0
1374,14615389847090640,128,2017-01-26 17:15:24,0
1375,14615362915496210,10,2017-01-20 23:17:01,0
1376,14615342747560270,162,2017-01-10 17:49:02,0
1377,14615362915496210,18,2017-02-09 02:58:01,0
1378,14615342747560270,272,2017-01-11 04:47:22,0
1379,14615241447289490,114,2017-02-03 18:16:13,0
1380,14615362915496210,173,2017-01-14 23:02:21,0
1381,1511450097286867,272,2017-02-08 18:05:19,0
1382,14617008108978690,211,2017-02-12 22:02:26,0
1383,14615215913165090,207,2017-02-11 06:20:07,0
1384,1511450097286867,191,2017-01-30 14:36:40,0
1385,14615341249566000,137,2017-01-11 08:18:58,0
1386,14615224339316630,177,2017-02-12 16:18:44,0
1387,14615395354901770,224,2017-02-01 22:46:52,0
1388,14615366820272070,304,2017-01-01 19:36:38,0
1389,14615363285427770,125,2017-01-11 06:28:32,0
1390,14615342747560270,273,2017-01-20 07:47:41,0
1391,14615342747560270,254,2017-01-02 20:34:49,0
1392,1511450097286867,149,2017-02-01 02:15:14,0
1393,14615342747560270,175,2017-02-11 19:46:19,0
1394,14615342747560270,169,2017-01-16 09:42:30,0
1395,14615342747560270,50,2017-01-20 16:56:42,0
1396,14615338358673270,173,2017-01-24 10:33:33,0
1397,1508338528891430,175,2017-01-06 03:41:21,0
1398,14615363285427770,282,2017-01-31 16:31:41,0
1399,14615341249566000,256,2017-01-01 07:15:02,0
1400,14615396446378240,228,2017-02-07 05:57:54,0
1401,1511450097286867,219,2017-01-03 20:35:41,0
1402,14615362915496210,157,2017-02-04 13:49:27,0
1403,14615442335644470,268,2017-01-15 21:02:30,0
1404,14615350739796570,162,2017-01-10 12:40:27,0
1405,14615362915496210,270,2017-02-10 19:21:53,0
1406,14615362915496210,168,2017-01-29 19:09:12,0
1407,14615342747560270,173,2017-01-09 22:46:56,0
1408,14615350739796570,324,2017-02-04 09:31:48,0
1409,14615414061338340,124,2017-01-01 12:08:11,0
1410,14615362915496210,15,2017-01-06 05:25:06,0
1411,14615414061338340,48,2017-02-10 00:08:33,0
1412,1511450097286867,175,2017-02-08 04:31:30,0
1413,14617008108978690,219,2017-02-12 02:50:05,0
1414,14615341249566000,155,2017-02-12 14:11:36,0
1415,14615362915496210,143,2017-01-25 20:05:13,0
1416,14615336477051000,253,2017-01-12 22:46:24,0
1417,14615342747560270,173,2017-01-23 00:48:23,0
1418,14615228723636630,211,2017-02-07 19:18:59,0
1419,14615362915496210,290,2017-02-09 00:20:17,0
1420,1511351423050227,229,2017-01-04 17:23:58,0
1421,14615341249566000,350,2017-01-17 10:37:20,0
1422,1511450097286867,49,2017-01-04 23:05:21,0
1423,14615362915496210,268,2017-01-01 05:02:51,0
1424,14615336477051000,365,2017-01-01 20:32:54,0
1425,14615330681559970,228,2017-01-29 18:43:34,0
1426,14615362915496210,4,2017-02-08 07:14:58,0
1427,14616935434220920,15,2017-02-01 23:30:45,0
1428,14615228723636630,286,2017-01-02 07:51:16,0
1429,1511450097286867,219,2017-02-12 06:32:08,0
1430,14615341249566000,177,2017-02-12 18:18:38,0
1431,1511450097286867,13,2017-01-31 02:04:05,0
1432,14615366820272070,285,2017-01-12 08:18:22,0
1433,14617010392501520,12,2017-02-12 18:16:14,0
1434,14615342747560270,18,2017-01-17 21:09:31,0
1435,1511351423050227,188,2017-01-25 21:57:53,0
1436,14615362915496210,243,2017-01-28 04:22:28,0
1437,14615362915496210,12,2017-01-03 04:12:55,0
1438,14615338358673270,15,2017-02-09 00:54:45,0
1439,14615342747560270,15,2017-02-06 16:51:04,0
1440,14615362915496210,154,2017-02-11 05:36:11,0
1441,14615342747560270,254,2017-01-30 11:35:45,0
1442,14615342747560270,311,2017-01-26 04:44:36,0
1443,14615396446378240,155,2017-02-01 15:33:17,0
1444,14615342747560270,62,2017-01-31 23:19:05,0
1445,14615209638088820,204,2017-01-14 20:00:56,0
1446,14615342747560270,291,2017-01-11 20:39:29,0
1447,14615395354901770,42,2017-01-13 08:03:33,0
1448,14615362915496210,18,2017-02-12 10:47:30,0
1449,14615362915496210,91,2017-02-09 19:34:51,0
1450,14615362915496210,315,2017-02-10 22:04:15,0
1451,14615342747560270,340,2017-01-15 05:25:05,0
1452,14617010392501520,169,2017-02-11 23:52:55,0
1453,14615362915496210,351,2017-01-24 19:35:34,0
1454,14615362915496210,130,2017-01-01 09:23:45,0
1455,14615342747560270,155,2017-01-03 17:58:38,0
1456,1511450097286867,18,2017-02-03 11:34:30,0
1457,14615342747560270,351,2017-02-09 02:57:52,0
1458,14615363285427770,114,2017-02-05 04:11:16,0
1459,14615388134447370,155,2017-02-12 17:10:41,0
1460,14615363285427770,30,2017-01-25 23:15:40,0
1461,14615342747560270,15,2017-01-06 04:39:54,0
1462,14617008108978690,18,2017-01-24 15:09:37,0
1463,14615362915496210,160,2017-01-18 06:28:40,0
1464,14615230806211460,18,2017-02-01 10:51:44,0
1465,1511450097286867,157,2017-02-10 02:38:59,0
1466,14615396446378240,308,2017-01-14 19:15:08,0
1467,14615169567198860,142,2017-01-14 08:50:23,0
1468,14615230806211460,172,2017-02-05 05:58:25,0
1469,14615366820272070,18,2017-01-17 04:43:35,0
1470,14615342747560270,169,2017-02-04 15:23:45,0
1471,1511461610794341,256,2017-01-04 05:10:34,0
1472,1511450097286867,246,2017-02-09 16:30:34,0
1473,14616947669245890,219,2017-02-10 02:43:56,0
1474,14615442335644470,18,2017-01-01 01:07:22,0
1475,1511351423050227,290,2017-02-07 16:25:33,0
1476,14615342747560270,177,2017-02-07 19:25:21,0
1477,14615388134447370,15,2017-02-04 22:30:35,0
1478,14615362915496210,160,2017-01-19 01:35:43,0
1479,14615362915496210,203,2017-02-11 21:04:53,0
1480,14615362915496210,290,2017-02-12 12:52:24,0
1481,14615443431733610,18,2017-01-30 13:12:47,0
1482,14615396446378240,15,2017-01-05 20:29:00,0
1483,14615362915496210,219,2017-01-01 08:00:07,0
1484,14615194667453690,64,2017-02-03 21:00:24,0
1485,14615362915496210,18,2017-01-18 17:05:28,0
1486,14615362915496210,219,2017-01-28 13:58:41,0
1487,14615443737727180,175,2017-02-11 18:43:17,0
1488,1511351423050227,160,2017-02-11 15:40:28,0
1489,14615388134447370,13,2017-01-19 17:56:50,0
1490,14615342747560270,15,2017-02-10 10:54:31,0
1491,14615342747560270,229,2017-01-22 08:28:40,0
1492,14615342747560270,355,2017-02-12 22:26:42,0
1493,14615228723636630,160,2017-02-11 19:44:31,0
1494,14615396446378240,221,2017-02-07 01:44:14,0
1495,14615342747560270,229,2017-01-22 00:40:19,0
1496,14615230806211460,286,2017-01-23 11:58:22,0
1497,14615407585359740,155,2017-01-06 09:54:06,0
1498,14615362915496210,344,2017-01-31 13:56:57,0
1499,1511450097286867,152,2017-01-14 04:22:24,0
1500,14615342747560270,324,2017-02-05 00:42:59,0
1501,1511450097286867,160,2017-01-12 23:07:08,0
1502,14615362915496210,219,2017-01-24 17:52:07,0
1503,14615389847090640,155,2017-01-26 19:34:08,0
1504,14615330681559970,10,2017-01-18 07:47:09,0
1505,14616970979264120,268,2017-02-02 16:20:23,0
1506,14615362915496210,49,2017-01-25 09:18:42,0
1507,14616935434220920,247,2017-02-12 05:50:36,0
1508,14615362915496210,160,2017-02-07 01:34:13,0
1509,14615362915496210,246,2017-02-12 02:46:35,0
1510,14615342747560270,256,2017-02-06 16:38:21,0
1511,14615342747560270,173,2017-01-16 22:21:00,0
1512,1511450097286867,175,2017-01-23 02:08:06,0
1513,14615286875279600,18,2017-01-20 22:01:55,0
1514,14615395354901770,366,2017-02-01 15:13:29,0
1515,14615228723636630,18,2017-01-03 08:46:56,0
1516,14615241447289490,175,2017-01-18 02:49:43,0
1517,14615228723636630,246,2017-02-11 06:50:08,0
1518,14615388134447370,10,2017-02-12 09:14:33,0
1519,1511450097286867,253,2017-01-28 17:25:58,0
1520,1511450097286867,18,2017-01-28 09:51:58,0
1521,14615396446378240,11,2017-02-12 09:00:45,0
1522,14615443459135610,249,2017-02-09 16:53:40,0
1523,14615342747560270,332,2017-01-02 03:14:22,0
1524,14615209638088820,267,2017-02-02 19:07:44,0
1525,14615209638088820,125,2017-01-12 13:18:36,0
1526,14615362915496210,222,2017-02-02 23:29:13,0
1527,1511450097286867,258,2017-01-03 22:11:48,0
1528,14615342747560270,20,2017-01-07 14:20:28,0
1529,1511351423050227,9,2017-02-03 08:42:09,0
1530,14615228723636630,18,2017-01-17 00:18:04,0
1531,14615341249566000,316,2017-02-05 06:36:21,0
1532,14615224339316630,201,2017-01-13 08:01:28,0
1533,14615342747560270,130,2017-02-06 15:14:22,0
1534,1511450097286867,158,2017-01-06 11:11:09,0
1535,14615363285427770,14,2017-02-01 00:10:05,0
1536,14615228723636630,169,2017-02-04 10:38:47,0
1537,14615362915496210,337,2017-01-18 17:43:50,0
1538,14615341249566000,291,2017-02-08 13:02:36,0
1539,1511450097286867,160,2017-01-17 11:49:48,0
1540,14615368752090240,14,2017-02-11 15:07:45,0
1541,14615342747560270,267,2017-02-10 02:35:43,0
1542,14615362915496210,312,2017-01-22 02:43:46,0
1543,14615215913165090,45,2017-02-12 07:38:41,0
1544,14615362915496210,63,2017-02-05 19:32:17,0
1545,14615366820272070,64,2017-01-29 07:27:38,0
1546,14615362915496210,19,2017-01-31 06:10:41,0
1547,14615424428442040,246,2017-02-11 17:35:48,0
1548,14617008108978690,254,2017-02-01 13:49:32,0
1549,14615367719980210,266,2017-02-12 20:24:56,0
1550,14615238277805200,6,2017-01-01 00:59:43,0
1551,14617010392501520,71,2017-02-11 11:22:43,0
1552,14615442335644470,175,2017-02-09 08:55:52,0
1553,1511450097286867,15,2017-01-05 20:23:13,0
1554,14615396446378240,231,2017-01-30 14:37:45,0
1555,14615362915496210,20,2017-02-12 09:36:06,0
1556,14615341249566000,15,2017-02-02 11:12:57,0
1557,1511450097286867,12,2017-01-06 10:39:54,0
1558,14615209638088820,366,2017-01-01 10:33:18,0
1559,14615362915496210,130,2017-01-08 11:01:01,0
1560,14615362915496210,152,2017-01-07 04:20:55,0
1561,14615362915496210,70,2017-01-28 08:31:13,0
1562,14615396446378240,66,2017-01-01 05:23:14,0
1563,14615342747560270,366,2017-02-11 03:26:37,0
1564,14615362915496210,15,2017-01-02 11:51:13,0
1565,14615396446378240,155,2017-02-11 07:23:14,0
1566,1511351423050227,76,2017-02-02 11:12:36,0
1567,14615396446378240,233,2017-02-11 04:46:56,0
1568,14615230806211460,49,2017-01-10 21:00:45,0
1569,14615362915496210,155,2017-01-01 04:22:22,0
1570,14615383750131940,169,2017-01-02 15:46:53,0
1571,14615342747560270,91,2017-01-02 15:03:16,0
1572,14615230806211460,141,2017-02-12 22:23:59,0
1573,14615362915496210,233,2017-01-20 00:47:08,0
1574,14615363285427770,15,2017-01-03 09:10:37,0
1575,14615341249566000,170,2017-02-09 15:59:21,0
1576,14615342747560270,17,2017-01-26 03:58:58,0
1577,1511450097286867,18,2017-01-08 21:43:11,0
1578,14615362915496210,247,2017-01-01 12:02:15,0
1579,1511450097286867,160,2017-01-16 21:25:20,0
1580,14616947523101890,169,2017-01-01 04:07:51,0
1581,14615341249566000,18,2017-01-21 13:12:04,0
1582,14615362915496210,205,2017-01-02 16:02:32,0
1583,1511450097286867,252,2017-01-15 07:19:11,0
1584,14615194667453690,169,2017-02-08 20:32:34,0
1585,14615342747560270,10,2017-01-19 09:08:36,0
1586,14615362915496210,48,2017-01-15 10:34:22,0
1587,14615342747560270,31,2017-02-04 18:18:03,0
1588,14616970979264120,233,2017-02-09 21:11:44,0
1589,1511450097286867,281,2017-01-07 12:58:05,0
1590,14615342747560270,14,2017-01-01 02:29:29,0
1591,14615224339316630,246,2017-01-01 22:14:24,0
1592,14615362915496210,81,2017-02-11 17:39:54,0
1593,14615336477051000,226,2017-01-01 04:06:48,0
1594,14615342747560270,144,2017-02-10 09:54:51,0
1595,14615339806425970,251,2017-02-12 05:44:33,0
1596,14615228723636630,24,2017-01-01 17:25:20,0
1597,14615209638088820,251,2017-01-06 13:10:58,0
1598,14615338358673270,291,2017-01-12 12:29:29,0
1599,14615395354901770,173,2017-02-05 11:42:50,0
1600,14615342747560270,233,2017-01-01 02:17:33,0
1601,14615362915496210,246,2017-01-02 17:44:49,0
1602,14615362915496210,30,2017-01-13 22:59:26,0
1603,14615396446378240,160,2017-01-01 19:09:06,0
1604,14615362915496210,32,2017-01-12 07:30:28,0
1605,14615336477051000,290,2017-02-04 00:40:48,0
1606,14615362915496210,231,2017-01-18 06:46:30,0
1607,14615362915496210,175,2017-01-15 11:15:13,0
1608,14615362915496210,4,2017-02-12 07:05:23,0
1609,14615169567198860,21,2017-02-02 08:02:36,0
1610,14615363285427770,207,2017-01-01 19:57:23,0
1611,1511583111586598,15,2017-01-31 08:13:48,0
1612,14615194667453690,157,2017-01-02 09:35:57,0
1613,14615228723636630,268,2017-01-28 06:47:48,0
1614,14615342747560270,249,2017-01-14 02:19:00,0
1615,14615350776332570,6,2017-01-16 18:05:17,0
1616,14615381681303770,18,2017-01-28 21:37:05,0
1617,14617010392501520,282,2017-01-31 23:29:23,0
1618,14615363285427770,219,2017-02-07 15:58:37,0
1619,14615426104544740,170,2017-01-02 01:13:37,0
1620,14615342747560270,260,2017-01-05 20:25:09,0
1621,14615340116986540,260,2017-01-04 23:35:32,0
1622,14615363285427770,18,2017-01-30 15:32:36,0
1623,14615342747560270,71,2017-02-11 17:04:18,0
1624,14615362915496210,175,2017-01-04 08:24:29,0
1625,14615341249566000,46,2017-02-11 12:53:21,0
1626,14615342747560270,290,2017-01-25 07:37:11,0
1627,14615389847090640,18,2017-01-26 04:17:05,0
1628,14615228723636630,8,2017-01-27 02:51:40,0
1629,14615362915496210,155,2017-01-21 08:39:52,0
1630,14615362915496210,138,2017-02-12 22:38:14,0
1631,14615362915496210,255,2017-02-11 04:10:55,0
1632,14615396446378240,303,2017-01-01 03:01:01,0
1633,14615169567198860,155,2017-01-05 15:29:05,0
1634,14615362915496210,219,2017-01-01 00:43:26,0
1635,14615363285427770,284,2017-01-12 02:24:33,0
1636,14615362915496210,311,2017-02-06 14:17:21,0
1637,14615363285427770,308,2017-02-07 16:05:33,0
1638,1511450097286867,92,2017-01-01 03:15:42,0
1639,14615362915496210,293,2017-01-26 17:31:27,0
1640,1511450097286867,168,2017-01-02 21:36:57,0
1641,14615286875279600,11,2017-01-19 10:46:23,0
1642,14617010392501520,88,2017-02-08 00:21:52,0
1643,14615362915496210,256,2017-02-06 10:24:43,0
1644,14615362915496210,122,2017-01-04 20:33:53,0
1645,14615342747560270,126,2017-02-08 10:15:32,0
1646,14615363285427770,68,2017-02-08 06:51:07,0
1647,14615362915496210,361,2017-02-12 22:37:34,0
1648,14615257870248900,117,2017-01-15 08:39:11,0
1649,14615362915496210,160,2017-01-23 19:57:02,0
1650,14615224339316630,69,2017-01-17 13:27:06,0
1651,1511351423050227,219,2017-02-10 02:38:44,0
1652,14615396446378240,155,2017-01-09 15:39:50,0
1653,1511450097286867,163,2017-02-04 16:04:34,0
1654,14615366820272070,319,2017-01-30 07:05:45,0
1655,14615362915496210,219,2017-01-01 12:52:09,0
1656,14615362915496210,282,2017-02-05 16:49:33,0
1657,14615228723636630,351,2017-01-16 18:50:44,0
1658,14615362915496210,18,2017-01-23 16:40:41,0
1659,14615362915496210,320,2017-01-28 09:36:17,0
1660,14615342747560270,169,2017-01-29 05:49:03,0
1661,14615194667453690,226,2017-01-11 16:29:02,0
1662,14615341249566000,226,2017-02-10 06:02:41,0
1663,14616935434220920,20,2017-01-01 12:52:07,0
1664,14615166004947990,247,2017-02-08 09:34:14,0
1665,14615336477051000,270,2017-01-01 09:43:34,0
1666,14615209638088820,300,2017-01-01 06:03:03,0
1667,14615442335644470,272,2017-01-18 05:56:05,0
1668,14615362915496210,247,2017-02-12 20:57:31,0
1669,14615342747560270,97,2017-02-03 18:06:05,0
1670,14615341249566000,20,2017-01-18 13:21:20,0
1671,1511450097286867,170,2017-01-03 12:10:17,0
1672,14615183281945520,70,2017-02-09 22:43:45,0
1673,1511450097286867,290,2017-01-04 05:43:11,0
1674,14615350474910570,152,2017-02-12 22:39:06,0
1675,14615230806211460,243,2017-02-12 20:26:13,0
1676,14615342747560270,157,2017-01-23 09:48:57,0
1677,14615166004947990,95,2017-02-06 20:13:12,0
1678,14615338358673270,15,2017-01-28 12:57:44,0
1679,1511351423050227,233,2017-01-26 05:43:13,0
1680,14615342747560270,366,2017-01-25 07:15:41,0
1681,14615166004947990,350,2017-01-02 21:00:55,0
1682,14615367719980210,56,2017-01-27 23:06:52,0
1683,14615341249566000,351,2017-01-24 09:28:13,0
1684,14615230806211460,256,2017-01-11 07:27:33,0
1685,14615339806425970,28,2017-02-03 14:25:54,0
1686,14615230806211460,350,2017-02-03 20:42:57,0
1687,14615342747560270,169,2017-01-17 09:21:24,0
1688,14615341249566000,199,2017-01-20 14:22:23,0
1689,14615388134447370,160,2017-01-14 20:37:55,0
1690,14615340116986540,358,2017-01-19 06:49:34,0
1691,14615362915496210,358,2017-02-12 07:42:53,0
1692,14615228723636630,255,2017-02-12 15:22:05,0
1693,14615342747560270,18,2017-02-10 03:23:25,0
1694,14615169567198860,246,2017-02-10 01:58:54,0
1695,14615342747560270,233,2017-02-09 05:20:33,0
1696,14615341249566000,286,2017-01-07 01:48:37,0
1697,14616935434220920,18,2017-01-14 01:31:59,0
1698,14615342747560270,15,2017-02-02 06:37:49,0
1699,14615224339316630,155,2017-01-21 21:21:57,0
1700,14617010392501520,358,2017-02-10 21:25:22,0
1701,14615363285427770,175,2017-01-09 04:56:46,0
1702,14615342747560270,131,2017-01-21 02:54:27,0
1703,14615341249566000,17,2017-02-06 06:32:31,0
1704,14615362915496210,219,2017-01-12 20:01:05,0
1705,14615389847090640,169,2017-01-26 17:07:04,0
1706,14615342747560270,175,2017-01-02 11:38:16,0
1707,14615362915496210,233,2017-01-24 21:31:37,0
1708,14615342747560270,336,2017-01-21 08:55:32,0
1709,14615362915496210,169,2017-01-09 18:18:56,0
1710,14615342747560270,126,2017-02-12 22:39:14,0
1711,14615362915496210,366,2017-01-26 18:23:47,0
1712,14615442335644470,311,2017-02-05 10:30:15,0
1713,14615367719980210,77,2017-01-09 16:21:32,0
1714,14615336477051000,219,2017-02-11 23:17:46,0
1715,14615362915496210,219,2017-02-08 17:30:55,0
1716,14615362915496210,50,2017-01-03 11:41:23,0
1717,14615342747560270,18,2017-02-03 19:31:29,0
1718,14616951204094750,229,2017-02-12 06:53:08,0
1719,1511351423050227,219,2017-02-09 12:02:05,0
1720,14615362915496210,236,2017-01-10 14:27:16,0
1721,14615215913165090,94,2017-01-19 10:16:36,0
1722,14617008108978690,12,2017-01-23 09:59:27,0
1723,14615363285427770,44,2017-02-12 10:19:03,0
1724,14615230806211460,18,2017-01-18 17:25:32,0
1725,14615330681559970,144,2017-02-11 07:58:13,0
1726,14615342747560270,18,2017-02-12 17:16:50,0
1727,14615342747560270,15,2017-01-12 00:30:07,0
1728,14615169567198860,157,2017-01-23 15:50:51,0
1729,14615224339316630,308,2017-01-13 21:22:29,0
1730,14615426104544740,155,2017-01-01 03:34:10,0
1731,14617008108978690,15,2017-02-10 13:38:35,0
1732,14615362915496210,362,2017-02-12 14:58:39,0
1733,1511450097286867,233,2017-02-10 10:09:27,0
1734,14615362915496210,251,2017-01-01 09:39:59,0
1735,14615362915496210,5,2017-01-01 14:08:12,0
1736,1511450097286867,233,2017-02-04 13:22:21,0
1737,14615362915496210,12,2017-01-02 07:51:20,0
1738,14615342747560270,20,2017-02-06 10:22:55,0
1739,14615342747560270,321,2017-01-01 08:55:02,0
1740,14615166004947990,213,2017-02-09 21:06:41,0
1741,14615395354901770,229,2017-02-02 05:27:35,0
1742,14615224339316630,302,2017-01-28 02:46:23,0
1743,14615338358673270,233,2017-01-04 15:44:56,0
1744,14615230806211460,155,2017-02-09 05:46:33,0
1745,14615362915496210,351,2017-01-12 00:28:24,0
1746,14615336477051000,47,2017-01-28 11:48:28,0
1747,14615363285427770,150,2017-02-01 06:58:36,0
1748,14615340116986540,20,2017-02-08 11:24:27,0
1749,14615228723636630,290,2017-01-02 08:15:33,0
1750,1511450097286867,18,2017-01-03 01:27:13,0
1751,1508338528891430,15,2017-01-01 22:06:57,0
1752,14615424428442040,88,2017-02-08 14:26:36,0
1753,1511450097286867,155,2017-01-28 08:29:40,0
1754,14615389847090640,18,2017-01-02 05:57:25,0
1755,14615342747560270,343,2017-01-03 14:09:16,0
1756,14615209638088820,255,2017-01-05 16:00:42,0
1757,14615228723636630,9,2017-01-01 01:25:31,0
1758,14615228723636630,17,2017-02-04 02:35:10,0
1759,1511450097286867,175,2017-01-03 23:52:38,0
1760,14615342747560270,229,2017-01-11 17:15:59,0
1761,14615362915496210,32,2017-01-26 08:09:40,0
1762,14615339806425970,20,2017-01-19 04:58:45,0
1763,14615395354901770,50,2017-02-10 09:55:15,0
1764,14615342747560270,288,2017-02-06 20:02:20,0
1765,1511450097286867,169,2017-01-05 02:43:04,0
1766,14615362915496210,169,2017-01-20 11:52:45,0
1767,14615395354901770,351,2017-01-23 04:39:45,0
1768,14615342747560270,253,2017-01-31 14:11:30,0
1769,14615362915496210,18,2017-01-11 12:26:33,0
1770,1511450097286867,113,2017-01-21 14:46:02,0
1771,14615342747560270,169,2017-01-12 23:32:17,0
1772,1511450097286867,169,2017-01-01 22:56:06,0
1773,14615362915496210,32,2017-02-10 22:04:17,0
1774,14615169567198860,302,2017-01-05 22:22:19,0
1775,14615363285427770,155,2017-01-28 16:42:31,0
1776,14615341249566000,18,2017-02-02 19:36:57,0
1777,14615388586584940,271,2017-01-01 03:48:42,0
1778,14615342747560270,15,2017-02-12 08:48:55,0
1779,14616947523101890,18,2017-02-11 15:45:00,0
1780,14615342747560270,16,2017-01-19 12:32:32,0
1781,1511351423050227,18,2017-01-10 23:50:21,0
1782,1508338528891430,160,2017-02-11 18:28:16,0
1783,14615396446378240,101,2017-01-02 23:33:22,0
1784,14615337422429130,333,2017-02-04 10:16:30,0
1785,14615362915496210,213,2017-01-30 10:39:47,0
1786,14615342747560270,173,2017-01-21 15:10:06,0
1787,14615228723636630,337,2017-01-04 07:35:44,0
1788,14615336477051000,210,2017-02-09 02:53:48,0
1789,14615362915496210,169,2017-01-03 04:14:53,0
1790,14615362915496210,32,2017-01-17 00:20:30,0
1791,14615362915496210,169,2017-02-10 13:25:07,0
1792,14615363285427770,359,2017-02-02 01:43:49,0
1793,14615338358673270,18,2017-01-30 21:45:51,0
1794,14615362915496210,64,2017-01-09 17:22:28,0
1795,14615228723636630,324,2017-01-01 07:40:06,0
1796,1511450097286867,109,2017-02-11 12:50:45,0
1797,14615336477051000,160,2017-02-11 12:51:42,0
1798,14617010392501520,257,2017-02-11 01:53:08,0
1799,14615362915496210,16,2017-01-25 08:44:54,0
1800,14615362915496210,72,2017-02-12 00:45:19,0
1801,14615424428442040,15,2017-02-01 05:02:05,0
1802,14615224339316630,337,2017-01-22 11:31:43,0
1803,14615366820272070,15,2017-02-02 08:10:15,0
1804,14615228723636630,137,2017-02-09 19:47:26,0
1805,14615396446378240,18,2017-02-12 11:31:25,0
1806,14615169567198860,160,2017-01-12 06:31:49,0
1807,14615342747560270,219,2017-02-11 08:17:04,0
1808,14615209638088820,257,2017-01-21 22:05:08,0
1809,14615362915496210,157,2017-01-29 13:56:31,0
1810,14617008108978690,233,2017-01-29 15:45:08,0
1811,14615362915496210,245,2017-01-05 19:01:29,0
1812,1511450097286867,219,2017-01-02 16:23:22,0
1813,1511450097286867,18,2017-01-01 01:58:51,0
1814,14615342747560270,203,2017-02-07 20:00:44,0
1815,14615396446378240,68,2017-01-18 09:14:32,0
1816,14615341249566000,18,2017-01-11 17:17:21,0
1817,14615362915496210,18,2017-01-07 05:27:33,0
1818,14615209638088820,68,2017-01-23 16:58:17,0
1819,14615362915496210,357,2017-01-01 01:46:11,0
1820,14615424428442040,173,2017-02-11 14:22:55,0
1821,14615342747560270,124,2017-02-04 01:03:37,0
1822,14615241447289490,157,2017-01-26 05:54:35,0
1823,1511351423050227,18,2017-01-21 02:04:20,0
1824,14615342747560270,16,2017-01-31 07:43:35,0
1825,14615342747560270,304,2017-02-06 10:57:21,0
1826,14615330681559970,72,2017-02-06 11:55:41,0
1827,14615362915496210,65,2017-02-09 16:38:27,0
1828,14615228723636630,152,2017-01-03 06:32:53,0
1829,14615342747560270,90,2017-01-11 02:24:15,0
1830,14615228723636630,173,2017-02-08 14:45:16,0
1831,14615396446378240,121,2017-02-04 07:14:01,0
1832,14615362915496210,15,2017-01-21 08:21:13,0
1833,1511450097286867,78,2017-01-02 15:28:22,0
1834,14615342747560270,270,2017-02-07 16:57:46,0
1835,14615228723636630,325,2017-02-02 07:45:45,0
1836,1511450097286867,233,2017-01-01 04:28:49,0
1837,14617010392501520,60,2017-02-12 12:39:17,0
1838,14615336477051000,18,2017-01-10 23:39:59,0
1839,14615362915496210,18,2017-01-23 07:02:26,0
1840,14615238277805200,253,2017-02-12 02:24:01,0
1841,1511450097286867,246,2017-02-10 14:43:48,0
1842,14615215913165090,173,2017-01-28 11:42:40,0
1843,14615342747560270,358,2017-02-12 18:12:21,0
1844,14615342747560270,31,2017-02-10 00:47:36,0
1845,14615224339316630,169,2017-01-26 18:10:58,0
1846,14615362915496210,26,2017-01-31 07:18:15,0
1847,14615362915496210,277,2017-02-01 19:15:28,0
1848,14615342747560270,31,2017-02-04 05:33:19,0
1849,14616951204094750,211,2017-02-06 19:04:17,0
1850,14615228723636630,219,2017-01-07 17:13:14,0
1851,14617010392501520,28,2017-01-16 04:53:22,0
1852,1508338528891430,246,2017-01-31 14:24:05,0
1853,14615338358673270,233,2017-02-08 11:08:14,0
1854,14615340116986540,180,2017-02-07 12:00:59,0
1855,14615421332029740,175,2017-02-04 11:57:47,0
1856,1511450097286867,290,2017-01-03 00:14:01,0
1857,14615362915496210,339,2017-01-15 20:31:42,0
1858,14615230806211460,219,2017-01-01 14:26:32,0
1859,14615363285427770,12,2017-02-07 00:35:26,0
1860,14615169567198860,80,2017-02-09 07:08:48,0
1861,14615362915496210,337,2017-01-21 06:31:52,0
1862,14615342747560270,233,2017-01-25 08:57:55,0
1863,1511450097286867,158,2017-02-11 07:49:13,0
1864,14615414061338340,280,2017-01-24 00:36:56,0
1865,14615342747560270,18,2017-01-07 16:26:25,0
1866,14615362915496210,128,2017-02-06 05:02:47,0
1867,14615341249566000,332,2017-01-29 15:32:32,0
1868,14615342747560270,168,2017-02-12 04:14:42,0
1869,14615341249566000,169,2017-01-10 11:35:02,0
1870,14615362915496210,358,2017-01-27 17:19:04,0
1871,14615342747560270,192,2017-01-06 10:10:19,0
1872,1508348000516039,18,2017-02-09 01:52:52,0
1873,14615342747560270,128,2017-02-10 04:07:13,0
1874,1511450097286867,32,2017-01-10 21:57:27,0
1875,14615407585359740,247,2017-01-27 20:22:42,0
1876,14615342747560270,169,2017-01-27 05:04:04,0
1877,14615342747560270,20,2017-01-04 11:38:34,0
1878,14615350739796570,173,2017-02-07 20:30:50,0
1879,14615442335644470,231,2017-01-06 01:51:51,0
1880,14615209638088820,265,2017-02-09 19:36:07,0
1881,14615362915496210,11,2017-02-05 20:19:20,0
1882,14615228723636630,358,2017-01-01 05:06:25,0
1883,14615437485485910,204,2017-02-04 19:12:41,0
1884,14615341249566000,291,2017-02-02 11:59:07,0
1885,14615228723636630,156,2017-01-11 19:07:17,0
1886,14615169567198860,233,2017-02-10 03:42:40,0
1887,14615396446378240,253,2017-01-02 20:48:25,0
1888,14615342747560270,114,2017-01-27 15:40:24,0
1889,14615426104544740,12,2017-01-14 05:06:36,0
1890,14615342747560270,15,2017-01-23 15:05:03,0
1891,14615362915496210,349,2017-02-07 05:46:07,0
1892,14615342747560270,170,2017-01-05 16:40:07,0
1893,14615194667453690,12,2017-01-03 04:52:30,0
1894,1511450097286867,18,2017-01-01 00:44:54,0
1895,1511450097286867,12,2017-01-20 10:49:54,0
1896,14615224339316630,144,2017-01-04 16:22:14,0
1897,14615350739796570,193,2017-01-13 01:36:43,0
1898,14615350520580570,15,2017-02-09 12:05:42,0
1899,14615342747560270,290,2017-02-10 02:11:03,0
1900,14615341249566000,266,2017-01-26 05:56:08,0
1901,14615342747560270,142,2017-01-28 09:47:59,0
1902,14615224339316630,1,2017-02-04 13:47:42,0
1903,14615350739796570,175,2017-01-27 19:47:12,0
1904,14615362915496210,219,2017-01-11 01:40:21,0
1905,1511450097286867,21,2017-01-26 10:38:16,0
1906,14615209638088820,261,2017-01-18 22:50:25,0
1907,14615228723636630,20,2017-02-06 02:27:41,0
1908,14615257870248900,207,2017-01-21 01:38:11,0
1909,14615362915496210,169,2017-01-26 20:24:22,0
1910,1511450097286867,15,2017-01-01 01:00:52,0
1911,1511450097286867,2,2017-01-26 14:31:30,0
1912,14615362915496210,175,2017-01-28 16:22:26,0
1913,14615342747560270,209,2017-02-06 13:07:55,0
1914,14615362915496210,222,2017-02-06 16:13:08,0
1915,14615342747560270,92,2017-01-18 22:18:26,0
1916,14615183281945520,220,2017-01-03 10:42:46,0
1917,14615396446378240,15,2017-01-10 22:38:30,0
1918,14615228723636630,155,2017-01-26 14:24:30,0
1919,14615342747560270,175,2017-01-02 22:24:56,0
1920,14615379863619500,213,2017-02-09 03:53:25,0
1921,14615362915496210,219,2017-01-10 04:59:32,0
1922,14615362915496210,169,2017-02-10 10:43:26,0
1923,14615342747560270,100,2017-01-31 23:05:48,0
1924,14615362915496210,18,2017-01-23 00:10:09,0
1925,1508338528891430,229,2017-02-03 21:08:58,0
1926,14615341249566000,257,2017-01-29 11:35:08,0
1927,14615339806425970,354,2017-01-28 01:56:55,0
1928,14615362915496210,187,2017-01-10 16:31:09,0
1929,14617008108978690,231,2017-01-17 16:23:02,0
1930,14615228723636630,247,2017-01-30 22:49:25,0
1931,14615223521819060,219,2017-01-07 17:56:08,0
1932,14615362915496210,155,2017-02-09 07:31:30,0
1933,14615366820272070,82,2017-02-09 23:26:14,0
1934,14615362915496210,251,2017-01-01 14:29:40,0
1935,14615389847090640,169,2017-01-18 13:02:14,0
1936,14615414061338340,14,2017-01-21 06:43:15,0
1937,14615362915496210,25,2017-01-16 05:26:46,0
1938,14615342747560270,15,2017-01-06 05:09:21,0
1939,14615363285427770,303,2017-01-04 06:09:06,0
1940,1511450097286867,15,2017-01-13 01:54:05,0
1941,14615342747560270,169,2017-01-25 21:01:32,0
1942,14615342747560270,351,2017-01-17 12:59:32,0
1943,14615362915496210,169,2017-02-06 07:58:53,0
1944,14615342747560270,170,2017-01-30 16:52:25,0
1945,14615362915496210,343,2017-02-09 18:01:01,0
1946,14615342747560270,196,2017-01-17 11:09:53,0
1947,14615367719980210,15,2017-01-15 16:14:04,0
1948,14615362915496210,351,2017-01-21 08:14:36,0
1949,14615362915496210,32,2017-02-07 21:29:30,0
1950,14615228723636630,308,2017-02-12 11:58:08,0
1951,14615336477051000,156,2017-01-01 08:26:02,0
1952,14615342747560270,330,2017-02-12 13:45:03,0
1953,14615362915496210,88,2017-01-03 02:26:27,0
1954,14615362915496210,13,2017-02-02 16:08:03,0
1955,14615362915496210,247,2017-02-10 03:48:41,0
1956,14615341249566000,148,2017-02-12 10:02:36,0
1957,14615230806211460,157,2017-02-12 08:10:45,0
1958,14615209638088820,18,2017-02-05 13:26:14,0
1959,14615230806211460,233,2017-01-22 07:45:18,0
1960,14615330681559970,15,2017-02-09 22:53:54,0
1961,14615342747560270,155,2017-01-26 05:20:13,0
1962,14615238277805200,178,2017-02-11 07:33:01,0
1963,14615228723636630,18,2017-02-12 02:42:22,0
1964,14615362915496210,219,2017-01-07 21:30:41,0
1965,1511450097286867,169,2017-01-01 11:23:19,0
1966,14615342747560270,350,2017-01-29 05:46:51,0
1967,14615362915496210,83,2017-02-07 21:43:38,0
1968,14615362915496210,332,2017-01-17 02:51:20,0
1969,1511450097286867,233,2017-01-18 13:09:11,0
1970,14615362915496210,15,2017-02-07 15:31:23,0
1971,14615342747560270,15,2017-01-27 16:54:29,0
1972,14615342747560270,18,2017-01-29 06:18:34,0
1973,14615362915496210,213,2017-01-29 05:05:51,0
1974,14615342747560270,169,2017-02-07 06:33:27,0
1975,14617010392501520,231,2017-01-10 08:29:12,0
1976,14615342747560270,169,2017-01-04 21:39:13,0
1977,14615342747560270,173,2017-01-05 05:06:17,0
1978,14615362915496210,220,2017-02-01 10:23:39,0
1979,1511450097286867,64,2017-01-01 10:35:04,0
1980,14615362915496210,160,2017-01-29 17:58:46,0
1981,14615362915496210,14,2017-02-01 21:35:19,0
1982,14615342747560270,138,2017-02-01 20:57:01,0
1983,14615209638088820,275,2017-01-16 03:11:37,0
1984,14615395354901770,290,2017-02-11 21:44:10,0
1985,14615342747560270,15,2017-01-21 16:17:46,0
1986,14615336477051000,42,2017-02-12 04:22:27,0
1987,14615362915496210,155,2017-02-11 07:58:28,0
1988,14615342747560270,18,2017-02-07 10:39:02,0
1989,14615224339316630,160,2017-01-26 00:17:02,0
1990,14615342747560270,290,2017-01-01 01:27:30,0
1991,14615228723636630,86,2017-01-24 00:04:55,0
1992,14615342747560270,164,2017-01-24 03:52:09,0
1993,14617008108978690,308,2017-01-10 00:06:51,0
1994,14615362915496210,306,2017-01-01 02:17:22,0
1995,14615342747560270,247,2017-02-07 21:51:53,0
1996,14615350776332570,282,2017-02-12 04:58:30,0
1997,14615362915496210,12,2017-01-09 12:15:47,0
1998,14615389847090640,229,2017-02-03 13:59:49,0
1999,14615388586584940,78,2017-02-12 22:38:51,0
